Feature,Importance_pct,ModeleType
pm10,85.64,Complet (avec pollution)
o3,3.01,Complet (avec pollution)
day,2.08,Complet (avec pollution)
lon,1.6,Complet (avec pollution)
lat,1.57,Complet (avec pollution)
no2,1.22,Complet (avec pollution)
humidity,1.1,Complet (avec pollution)
hour,0.85,Complet (avec pollution)
pressure,0.68,Complet (avec pollution)
temperature,0.66,Complet (avec pollution)
city_Rabat,0.59,Complet (avec pollution)
wind_speed,0.34,Complet (avec pollution)
month,0.1,Complet (avec pollution)
weather_description_scattered clouds,0.09,Complet (avec pollution)
weather_description_overcast clouds,0.08,Complet (avec pollution)
weather_description_clear sky,0.06,Complet (avec pollution)
aqi,0.06,Complet (avec pollution)
city_Tanger,0.06,Complet (avec pollution)
weather_description_few clouds,0.05,Complet (avec pollution)
city_Fes,0.04,Complet (avec pollution)
city_Casablanca,0.04,Complet (avec pollution)
city_Marrakech,0.04,Complet (avec pollution)
weather_description_thunderstorm,0.01,Complet (avec pollution)
city_Karia Ba Mohamed,0.01,Complet (avec pollution)
weather_description_moderate rain,0.01,Complet (avec pollution)
weather_description_mist,0.01,Complet (avec pollution)
weather_description_light rain,0.0,Complet (avec pollution)
weather_description_dust,0.0,Complet (avec pollution)
weather_description_drizzle,0.0,Complet (avec pollution)
year,0.0,Complet (avec pollution)
day,42.28,Meteo seule
city_Marrakech,15.66,Meteo seule
pressure,8.17,Meteo seule
temperature,7.44,Meteo seule
hour,6.65,Meteo seule
humidity,3.33,Meteo seule
month,3.03,Meteo seule
wind_speed,2.73,Meteo seule
lon,1.98,Meteo seule
lat,1.9,Meteo seule
city_Rabat,1.71,Meteo seule
weather_description_clear sky,1.44,Meteo seule
weather_description_overcast clouds,0.76,Meteo seule
weather_description_few clouds,0.71,Meteo seule
weather_description_scattered clouds,0.66,Meteo seule
city_Casablanca,0.61,Meteo seule
city_Fes,0.41,Meteo seule
city_Tanger,0.28,Meteo seule
weather_description_moderate rain,0.12,Meteo seule
weather_description_light rain,0.05,Meteo seule
weather_description_thunderstorm,0.04,Meteo seule
city_Karia Ba Mohamed,0.03,Meteo seule
weather_description_dust,0.01,Meteo seule
weather_description_mist,0.01,Meteo seule
weather_description_drizzle,0.0,Meteo seule
year,0.0,Meteo seule
