city,timestamp,temperature,humidity,pressure,wind_speed,weather_desc,aqi,pm25,pm10,no2,o3
Marrakech,2026-04-30 18:12:03.368949,24.98,50.0,1014.0,2.06,broken clouds,2.0,3.83,9.39,0.57,96.89
Rabat,2026-04-30 18:12:03.368949,20.36,64.0,1017.0,3.6,scattered clouds,2.0,3.73,6.69,2.12,92.94
Agadir,2026-04-30 19:12:13.649309,22.06,70.0,1015.0,6.24,scattered clouds,2.0,1.2,3.38,0.17,95.42
Tanger,2026-04-30 19:12:13.649309,18.74,68.0,1016.0,3.09,clear sky,3.0,2.36,5.91,0.82,110.56
Marrakech,2026-04-30 19:12:13.649309,22.98,53.0,1014.0,1.03,scattered clouds,2.0,4.36,10.33,0.84,92.85
Rabat,2026-04-30 19:12:13.649309,19.37,68.0,1017.0,3.09,scattered clouds,2.0,3.26,6.03,2.49,92.65
Agadir,2026-04-30 20:12:23.159074,20.06,71.0,1016.0,3.74,clear sky,2.0,1.2,3.44,0.2,95.72
Tanger,2026-04-30 20:12:23.159074,17.74,72.0,1017.0,3.09,clear sky,3.0,2.35,5.94,1.32,106.19
Marrakech,2026-04-30 20:12:23.159074,22.98,53.0,1015.0,2.57,scattered clouds,2.0,4.49,10.53,1.23,86.73
Rabat,2026-04-30 20:12:23.159074,17.37,77.0,1018.0,2.57,scattered clouds,2.0,2.85,5.47,2.97,90.64
Agadir,2026-04-30 21:12:32.755292,18.06,78.0,1017.0,2.9,scattered clouds,2.0,1.22,3.58,0.2,96.06
Tanger,2026-04-30 21:12:32.755292,16.74,77.0,1018.0,2.06,clear sky,3.0,2.38,6.04,1.73,101.6
Marrakech,2026-04-30 21:12:32.755292,22.98,53.0,1017.0,2.06,scattered clouds,2.0,4.48,10.65,1.53,82.56
Rabat,2026-04-30 21:12:32.755292,17.37,77.0,1019.0,2.57,scattered clouds,2.0,2.7,5.34,3.31,88.6
Agadir,2026-04-30 22:12:48.110970,17.06,80.0,1018.0,1.16,broken clouds,2.0,1.23,3.71,0.19,96.86
Tanger,2026-04-30 22:12:48.110970,15.74,82.0,1019.0,1.54,few clouds,2.0,2.41,6.14,1.94,99.27
Marrakech,2026-04-30 22:12:48.110970,21.02,60.0,1018.0,3.6,scattered clouds,2.0,4.41,10.7,1.68,80.12
Rabat,2026-04-30 22:12:48.110970,15.37,88.0,1019.0,0.0,scattered clouds,2.0,2.69,5.44,3.38,87.14
Agadir,2026-04-30 23:12:57.581484,17.06,82.0,1018.0,1.17,broken clouds,2.0,1.25,3.94,0.18,96.93
Tanger,2026-04-30 23:12:57.581484,15.74,82.0,1019.0,1.54,few clouds,2.0,2.45,6.24,2.14,97.55
Marrakech,2026-04-30 23:12:57.581484,18.98,63.0,1018.0,2.57,scattered clouds,2.0,4.31,10.67,1.75,77.75
Rabat,2026-04-30 23:12:57.581484,12.37,94.0,1020.0,0.0,scattered clouds,2.0,2.77,5.65,3.5,83.6
Agadir,2026-05-01 00:17:03.281703,17.06,84.0,1018.0,2.59,broken clouds,2.0,1.29,4.21,0.17,97.2
Tanger,2026-05-01 00:17:03.281703,13.74,82.0,1019.0,1.03,clear sky,2.0,2.47,6.3,2.18,95.73
Marrakech,2026-05-01 00:17:03.281703,16.98,72.0,1018.0,2.06,scattered clouds,2.0,4.32,10.77,1.77,76.71
Rabat,2026-05-01 00:17:03.281703,11.37,100.0,1019.0,0.0,scattered clouds,2.0,2.96,6.03,3.67,79.88
Agadir,2026-05-01 01:17:13.598305,17.06,84.0,1018.0,3.54,broken clouds,2.0,1.31,4.4,0.16,97.23
Tanger,2026-05-01 01:17:13.598305,13.74,88.0,1019.0,1.03,scattered clouds,2.0,2.47,6.29,1.99,93.9
Marrakech,2026-05-01 01:17:13.598305,15.98,77.0,1018.0,3.6,scattered clouds,2.0,4.38,10.86,1.67,76.42
Rabat,2026-05-01 01:17:13.598305,10.37,100.0,1019.0,0.0,scattered clouds,2.0,3.19,6.49,3.55,77.28
Agadir,2026-05-01 02:17:24.183428,17.06,84.0,1018.0,4.19,overcast clouds,2.0,1.35,4.55,0.16,97.0
Tanger,2026-05-01 02:17:24.183428,12.74,88.0,1019.0,0.51,overcast clouds,2.0,2.44,6.21,1.76,91.5
Marrakech,2026-05-01 02:17:24.183428,15.98,77.0,1018.0,3.6,scattered clouds,2.0,4.51,10.87,1.54,75.78
Rabat,2026-05-01 02:17:24.183428,10.37,100.0,1019.0,0.0,scattered clouds,2.0,3.42,6.93,3.27,74.71
Agadir,2026-05-01 03:17:33.937870,16.06,85.0,1017.0,3.78,overcast clouds,2.0,1.44,4.84,0.16,96.03
Tanger,2026-05-01 03:17:33.937870,12.74,88.0,1019.0,0.51,overcast clouds,2.0,2.41,6.13,1.56,88.67
Marrakech,2026-05-01 03:17:33.937870,13.97,82.0,1018.0,2.06,scattered clouds,2.0,4.67,10.9,1.42,74.43
Rabat,2026-05-01 03:17:33.937870,10.37,93.0,1019.0,0.0,scattered clouds,2.0,3.65,7.35,3.02,72.03
Agadir,2026-05-01 04:17:44.089299,16.06,85.0,1017.0,3.0,overcast clouds,2.0,1.6,5.38,0.17,94.59
Tanger,2026-05-01 04:17:44.089299,12.74,88.0,1019.0,1.03,broken clouds,2.0,2.4,6.06,1.4,85.92
Marrakech,2026-05-01 04:17:44.089299,13.98,82.0,1018.0,2.57,scattered clouds,2.0,4.82,11.03,1.3,73.38
Rabat,2026-05-01 04:17:44.089299,10.37,93.0,1019.0,0.0,scattered clouds,2.0,3.87,7.68,2.84,69.5
Agadir,2026-05-01 05:17:53.838923,16.06,85.0,1017.0,2.02,overcast clouds,2.0,1.63,5.41,0.18,93.16
Tanger,2026-05-01 05:17:53.838923,12.74,88.0,1019.0,2.06,broken clouds,2.0,2.37,5.98,1.28,83.35
Marrakech,2026-05-01 05:17:53.838923,13.98,82.0,1017.0,3.09,scattered clouds,2.0,4.92,11.06,1.35,70.64
Rabat,2026-05-01 05:17:53.838923,9.37,93.0,1019.0,0.0,scattered clouds,2.0,4.08,7.94,2.78,67.67
Agadir,2026-05-01 06:18:03.942241,15.06,84.0,1017.0,0.16,overcast clouds,2.0,1.53,5.04,0.2,91.5
Tanger,2026-05-01 06:18:03.942241,11.74,94.0,1018.0,2.57,broken clouds,2.0,2.38,5.97,1.34,81.04
Marrakech,2026-05-01 06:18:03.942241,11.98,87.0,1017.0,2.06,scattered clouds,2.0,5.07,11.16,1.62,68.3
Rabat,2026-05-01 06:18:03.942241,8.37,100.0,1019.0,0.0,scattered clouds,2.0,4.31,8.24,2.89,67.02
Agadir,2026-05-01 07:18:13.653008,14.06,86.0,1017.0,0.77,overcast clouds,2.0,1.62,5.4,0.25,89.84
Tanger,2026-05-01 07:18:13.653008,11.74,100.0,1019.0,2.57,broken clouds,2.0,2.48,6.11,1.96,78.65
Marrakech,2026-05-01 07:18:13.653008,12.98,88.0,1017.0,1.03,clear sky,2.0,5.23,11.37,2.46,67.01
Rabat,2026-05-01 07:18:13.653008,9.37,100.0,1019.0,0.0,scattered clouds,2.0,4.61,8.65,3.49,67.09
Agadir,2026-05-01 08:18:23.437422,16.06,84.0,1017.0,0.37,overcast clouds,2.0,1.84,6.55,0.35,88.2
Tanger,2026-05-01 08:18:23.437422,13.74,94.0,1019.0,2.57,clear sky,2.0,2.66,6.37,2.93,77.74
Marrakech,2026-05-01 08:18:23.437422,14.97,88.0,1017.0,1.54,clear sky,2.0,5.23,11.39,4.07,64.66
Rabat,2026-05-01 08:18:23.437422,11.37,100.0,1019.0,0.0,scattered clouds,2.0,4.9,9.11,4.52,66.96
Agadir,2026-05-01 09:18:33.574171,18.06,81.0,1018.0,1.07,overcast clouds,2.0,2.09,8.0,0.42,87.03
Tanger,2026-05-01 09:18:33.574171,15.74,88.0,1019.0,1.54,clear sky,2.0,2.78,6.59,2.99,78.24
Marrakech,2026-05-01 09:18:33.574171,16.98,77.0,1018.0,1.54,scattered clouds,2.0,5.14,11.42,4.91,61.41
Rabat,2026-05-01 09:18:33.574171,17.37,94.0,1019.0,2.06,few clouds,2.0,5.24,9.65,4.71,66.97
Agadir,2026-05-01 10:16:50.800416,20.06,78.0,1018.0,1.77,overcast clouds,2.0,2.34,9.39,0.41,86.57
Tanger,2026-05-01 10:16:50.800416,18.74,72.0,1020.0,3.09,broken clouds,2.0,2.81,6.71,2.33,83.56
Marrakech,2026-05-01 10:16:50.800416,18.98,72.0,1018.0,2.06,scattered clouds,2.0,5.1,11.64,4.42,60.27
Rabat,2026-05-01 10:16:50.800416,19.35,68.0,1019.0,2.06,few clouds,2.0,5.74,10.38,4.29,69.49
Agadir,2026-05-01 11:16:23.806704,22.06,75.0,1019.0,2.78,overcast clouds,2.0,2.71,11.15,0.38,86.08
Tanger,2026-05-01 11:16:23.806704,18.74,68.0,1020.0,2.57,broken clouds,2.0,2.38,5.91,0.87,98.72
Marrakech,2026-05-01 11:16:23.806704,20.98,68.0,1018.0,1.03,scattered clouds,2.0,4.72,11.9,1.23,81.87
Rabat,2026-05-01 11:16:23.806704,21.37,60.0,1019.0,2.06,few clouds,2.0,6.33,10.95,2.75,87.66
Agadir,2026-05-01 12:16:33.665801,23.06,74.0,1018.0,3.4,overcast clouds,2.0,3.32,13.77,0.34,85.33
Tanger,2026-05-01 12:16:33.665801,19.74,64.0,1020.0,2.57,broken clouds,3.0,2.33,5.65,0.57,101.93
Marrakech,2026-05-01 12:16:33.665801,22.98,56.0,1017.0,2.06,scattered clouds,2.0,4.82,11.84,0.65,87.19
Rabat,2026-05-01 12:16:33.665801,20.35,64.0,1019.0,4.12,clear sky,2.0,7.82,12.35,1.8,97.15
Agadir,2026-05-01 13:16:45.674367,25.06,74.0,1018.0,4.05,overcast clouds,2.0,3.9,15.62,0.29,85.05
Tanger,2026-05-01 13:16:45.674367,19.74,64.0,1019.0,3.09,broken clouds,3.0,2.33,5.51,0.43,103.72
Marrakech,2026-05-01 13:16:45.674367,24.0,57.0,1017.0,1.54,scattered clouds,2.0,5.21,12.42,0.48,90.24
Rabat,2026-05-01 13:16:45.674367,21.37,64.0,1019.0,4.63,clear sky,3.0,9.26,13.75,1.21,104.18
Agadir,2026-05-01 14:16:54.919113,25.06,74.0,1017.0,4.96,broken clouds,2.0,5.1,14.78,0.24,84.68
Tanger,2026-05-01 14:16:54.919113,19.74,68.0,1019.0,3.6,broken clouds,3.0,2.36,5.56,0.41,105.3
Marrakech,2026-05-01 14:16:54.919113,25.98,50.0,1016.0,2.57,scattered clouds,3.0,4.2,10.18,0.34,100.71
Rabat,2026-05-01 14:16:54.919113,21.37,64.0,1019.0,5.66,broken clouds,3.0,8.72,12.87,0.77,111.55
Agadir,2026-05-01 15:17:04.658261,26.06,73.0,1017.0,4.49,scattered clouds,2.0,5.62,15.11,0.24,86.02
Tanger,2026-05-01 15:17:04.658261,20.74,60.0,1018.0,3.6,broken clouds,3.0,2.35,5.5,0.41,105.64
Marrakech,2026-05-01 15:17:04.658261,26.98,50.0,1015.0,1.54,scattered clouds,3.0,4.3,10.6,0.32,102.85
Rabat,2026-05-01 15:17:04.658261,21.37,60.0,1018.0,5.66,overcast clouds,3.0,7.84,11.58,0.72,111.48
Agadir,2026-05-01 16:17:12.888992,25.06,68.0,1016.0,5.17,scattered clouds,2.0,6.32,15.85,0.25,88.3
Tanger,2026-05-01 16:17:12.888992,20.74,56.0,1018.0,5.14,broken clouds,3.0,2.33,5.59,0.44,105.68
Marrakech,2026-05-01 16:17:12.888992,28.98,39.0,1014.0,1.54,scattered clouds,3.0,5.07,12.84,0.35,103.35
Rabat,2026-05-01 16:17:12.888992,20.37,64.0,1018.0,5.66,overcast clouds,3.0,7.25,10.87,0.83,111.7
Agadir,2026-05-01 17:17:22.656243,24.06,65.0,1015.0,5.92,scattered clouds,2.0,7.19,16.86,0.28,91.56
Tanger,2026-05-01 17:17:22.656243,19.74,64.0,1018.0,5.66,broken clouds,3.0,2.4,5.95,0.52,105.9
Marrakech,2026-05-01 17:17:22.656243,28.98,39.0,1014.0,2.06,scattered clouds,3.0,6.84,17.51,0.53,104.35
Rabat,2026-05-01 17:17:22.656243,20.37,68.0,1018.0,5.14,overcast clouds,3.0,6.67,10.26,1.1,112.21
Agadir,2026-05-01 18:17:07.756242,23.06,62.0,1015.0,5.18,scattered clouds,2.0,7.69,17.1,0.32,94.4
Tanger,2026-05-01 18:17:07.756242,20.74,64.0,1018.0,3.6,broken clouds,3.0,2.59,6.49,0.69,106.23
Marrakech,2026-05-01 18:17:07.756242,28.98,37.0,1014.0,2.06,scattered clouds,3.0,9.09,23.29,0.81,104.59
Rabat,2026-05-01 18:17:07.756242,20.37,64.0,1017.0,4.63,overcast clouds,3.0,6.04,9.68,1.59,111.53
Agadir,2026-05-01 19:17:17.604511,22.06,64.0,1015.0,4.16,few clouds,2.0,7.65,16.51,0.35,97.0
Tanger,2026-05-01 19:17:17.604511,19.74,68.0,1018.0,2.57,clear sky,3.0,2.82,7.04,0.92,106.87
Marrakech,2026-05-01 19:17:17.604511,28.98,37.0,1014.0,3.09,scattered clouds,3.0,10.61,27.35,1.09,103.23
Rabat,2026-05-01 19:17:17.604511,19.37,72.0,1018.0,3.6,overcast clouds,3.0,5.08,8.65,2.14,107.52
Agadir,2026-05-01 20:17:27.414132,20.06,70.0,1015.0,2.75,clear sky,2.0,7.04,15.1,0.35,98.93
Tanger,2026-05-01 20:17:27.414132,18.74,72.0,1018.0,1.54,clear sky,3.0,3.07,7.59,1.26,106.78
Marrakech,2026-05-01 20:17:27.414132,24.98,47.0,1014.0,5.14,scattered clouds,2.0,11.46,29.56,1.51,98.65
Rabat,2026-05-01 20:17:27.414132,17.37,82.0,1018.0,3.6,overcast clouds,2.0,4.21,7.65,3.01,99.89
Agadir,2026-05-01 21:23:51.324408,18.06,75.0,1017.0,1.28,clear sky,2.0,6.06,13.26,0.34,99.71
Tanger,2026-05-01 21:23:51.324408,18.77,72.0,1018.0,2.06,clear sky,3.0,3.28,8.02,1.44,105.89
Marrakech,2026-05-01 21:23:51.324408,21.97,56.0,1016.0,4.12,scattered clouds,2.0,12.19,31.14,1.82,95.32
Rabat,2026-05-01 21:23:51.324408,17.37,88.0,1019.0,2.57,overcast clouds,2.0,3.7,7.11,3.62,93.82
Agadir,2026-05-01 22:24:01.451058,18.06,78.0,1018.0,2.24,clear sky,2.0,5.2,11.89,0.33,99.33
Tanger,2026-05-01 22:24:01.451058,18.74,72.0,1019.0,1.54,clear sky,3.0,3.36,8.18,1.5,104.83
Marrakech,2026-05-01 22:24:01.451058,19.98,64.0,1018.0,2.57,clear sky,2.0,12.65,31.84,1.96,93.12
Rabat,2026-05-01 22:24:01.451058,17.37,88.0,1020.0,1.54,overcast clouds,2.0,3.44,6.88,3.68,89.72
Agadir,2026-05-01 23:24:13.750090,17.06,82.0,1018.0,3.44,clear sky,2.0,4.62,11.06,0.32,98.45
Tanger,2026-05-01 23:24:13.750090,17.74,72.0,1018.0,3.6,clear sky,3.0,3.36,8.12,1.62,102.15
Marrakech,2026-05-01 23:24:13.750090,18.98,63.0,1019.0,3.09,clear sky,2.0,12.7,31.44,2.07,89.29
Rabat,2026-05-01 23:24:13.750090,14.37,94.0,1019.0,0.0,overcast clouds,2.0,3.35,6.84,3.65,85.46
Agadir,2026-05-02 00:29:02.317710,17.06,84.0,1018.0,3.88,clear sky,2.0,4.13,10.29,0.3,98.25
Tanger,2026-05-02 00:29:02.317710,17.7,72.0,1018.0,3.09,clear sky,2.0,3.33,8.03,1.73,99.19
Marrakech,2026-05-02 00:29:02.317710,17.98,68.0,1019.0,2.57,clear sky,2.0,12.92,31.47,2.11,86.96
Rabat,2026-05-02 00:29:02.317710,12.37,100.0,1019.0,0.0,overcast clouds,2.0,3.44,7.04,3.58,82.65
Agadir,2026-05-02 01:23:49.230122,16.06,86.0,1018.0,4.39,few clouds,2.0,3.64,9.51,0.26,97.82
Tanger,2026-05-02 01:23:49.230122,17.74,72.0,1018.0,2.06,clear sky,2.0,3.23,7.88,1.6,96.62
Marrakech,2026-05-02 01:23:49.230122,16.98,72.0,1018.0,2.57,clear sky,2.0,13.14,31.68,1.87,85.65
Rabat,2026-05-02 01:23:49.230122,11.37,100.0,1019.0,0.0,broken clouds,2.0,3.58,7.34,3.28,80.51
Agadir,2026-05-02 01:29:12.725070,16.06,86.0,1018.0,4.39,few clouds,2.0,3.64,9.51,0.26,97.82
Tanger,2026-05-02 01:29:12.725070,17.74,72.0,1018.0,2.06,clear sky,2.0,3.23,7.88,1.6,96.62
Marrakech,2026-05-02 01:29:12.725070,16.98,72.0,1018.0,2.57,clear sky,2.0,13.14,31.68,1.87,85.65
Rabat,2026-05-02 01:29:12.725070,11.37,100.0,1019.0,0.0,broken clouds,2.0,3.58,7.34,3.28,80.51
Agadir,2026-05-02 02:23:58.847871,15.06,87.0,1017.0,4.39,scattered clouds,2.0,3.19,8.79,0.24,97.12
Tanger,2026-05-02 02:23:58.847871,16.74,77.0,1018.0,2.06,clear sky,2.0,3.13,7.77,1.44,93.8
Marrakech,2026-05-02 02:23:58.847871,14.98,82.0,1018.0,1.54,clear sky,2.0,13.23,31.16,1.63,82.13
Rabat,2026-05-02 02:23:58.847871,11.36,100.0,1019.0,0.0,scattered clouds,2.0,3.7,7.6,2.88,78.56
Agadir,2026-05-02 02:29:22.338535,15.06,85.0,1017.0,4.39,scattered clouds,2.0,3.19,8.79,0.24,97.12
Tanger,2026-05-02 02:29:22.338535,16.74,77.0,1018.0,2.06,clear sky,2.0,3.13,7.77,1.44,93.8
Marrakech,2026-05-02 02:29:22.338535,14.98,82.0,1018.0,1.54,clear sky,2.0,13.23,31.16,1.63,82.13
Rabat,2026-05-02 02:29:22.338535,11.37,100.0,1019.0,0.0,scattered clouds,2.0,3.7,7.6,2.88,78.56
Agadir,2026-05-02 03:24:08.684789,15.06,85.0,1017.0,2.48,broken clouds,2.0,2.74,7.97,0.24,95.44
Tanger,2026-05-02 03:24:08.684789,16.74,77.0,1017.0,2.06,clear sky,2.0,3.08,7.81,1.36,90.65
Marrakech,2026-05-02 03:24:08.684789,14.98,82.0,1017.0,1.03,clear sky,2.0,13.33,30.44,1.55,77.02
Rabat,2026-05-02 03:24:08.684789,12.37,100.0,1018.0,0.0,broken clouds,2.0,3.81,7.87,2.56,77.32
Agadir,2026-05-02 03:29:32.153822,15.06,85.0,1017.0,2.48,broken clouds,2.0,2.74,7.97,0.24,95.44
Tanger,2026-05-02 03:29:32.153822,16.74,77.0,1017.0,2.06,clear sky,2.0,3.08,7.81,1.36,90.65
Marrakech,2026-05-02 03:29:32.153822,14.98,82.0,1017.0,1.03,clear sky,2.0,13.33,30.44,1.55,77.02
Rabat,2026-05-02 03:29:32.153822,12.37,100.0,1018.0,0.0,broken clouds,2.0,3.81,7.87,2.56,77.32
Agadir,2026-05-02 04:24:18.492037,14.06,85.0,1017.0,0.67,broken clouds,2.0,2.44,7.26,0.24,93.52
Tanger,2026-05-02 04:24:18.492037,15.74,88.0,1017.0,2.57,clear sky,2.0,3.09,7.92,1.33,88.2
Marrakech,2026-05-02 04:24:18.492037,14.98,82.0,1017.0,1.03,clear sky,2.0,13.52,30.03,1.51,72.51
Rabat,2026-05-02 04:24:18.492037,14.37,100.0,1018.0,0.0,broken clouds,2.0,3.95,8.1,2.32,76.23
Agadir,2026-05-02 04:29:41.934718,14.06,85.0,1017.0,0.67,broken clouds,2.0,2.44,7.26,0.24,93.52
Tanger,2026-05-02 04:29:41.934718,15.74,88.0,1017.0,2.57,clear sky,2.0,3.09,7.92,1.33,88.2
Marrakech,2026-05-02 04:29:41.934718,14.98,82.0,1017.0,1.03,clear sky,2.0,13.52,30.03,1.51,72.51
Rabat,2026-05-02 04:29:41.934718,14.37,100.0,1018.0,0.0,broken clouds,2.0,3.95,8.1,2.32,76.23
Agadir,2026-05-02 05:24:28.317172,14.06,88.0,1017.0,0.26,broken clouds,2.0,2.56,7.55,0.25,92.33
Tanger,2026-05-02 05:24:28.317172,15.74,88.0,1017.0,2.57,clear sky,2.0,3.14,8.07,1.33,86.73
Marrakech,2026-05-02 05:24:28.317172,14.98,82.0,1017.0,2.06,clear sky,2.0,13.76,29.9,1.56,69.22
Rabat,2026-05-02 05:24:28.317172,15.37,94.0,1018.0,0.0,broken clouds,2.0,4.11,8.31,2.22,74.07
Agadir,2026-05-02 05:29:51.454074,14.06,88.0,1017.0,0.26,broken clouds,2.0,2.56,7.55,0.25,92.33
Tanger,2026-05-02 05:29:51.454074,15.74,88.0,1017.0,2.57,clear sky,2.0,3.14,8.07,1.33,86.73
Marrakech,2026-05-02 05:29:51.454074,14.98,82.0,1017.0,2.06,clear sky,2.0,13.76,29.9,1.56,69.22
Rabat,2026-05-02 05:29:51.454074,15.37,94.0,1018.0,0.0,broken clouds,2.0,4.11,8.31,2.22,74.07
Agadir,2026-05-02 06:24:37.813982,14.06,90.0,1017.0,0.85,broken clouds,2.0,3.02,8.76,0.26,91.85
Tanger,2026-05-02 06:24:37.813982,15.74,88.0,1017.0,2.57,overcast clouds,2.0,3.28,8.28,1.41,85.59
Marrakech,2026-05-02 06:24:37.813982,13.98,88.0,1017.0,2.57,clear sky,2.0,14.06,30.09,1.69,65.98
Rabat,2026-05-02 06:24:37.813982,14.37,100.0,1018.0,0.0,broken clouds,2.0,4.27,8.43,2.27,71.22
Agadir,2026-05-02 06:30:00.906344,14.06,90.0,1017.0,0.85,broken clouds,2.0,3.02,8.76,0.26,91.85
Tanger,2026-05-02 06:30:00.906344,15.74,88.0,1017.0,2.57,overcast clouds,2.0,3.28,8.28,1.41,85.59
Marrakech,2026-05-02 06:30:00.906344,13.98,88.0,1017.0,2.57,clear sky,2.0,14.06,30.09,1.69,65.98
Rabat,2026-05-02 06:30:00.906344,14.37,100.0,1018.0,0.0,broken clouds,2.0,4.27,8.43,2.27,71.22
Agadir,2026-05-02 07:24:47.595267,14.06,91.0,1017.0,1.73,broken clouds,2.0,3.48,9.98,0.31,91.14
Tanger,2026-05-02 07:24:47.595267,15.74,94.0,1018.0,2.06,overcast clouds,2.0,3.48,8.62,1.9,84.68
Marrakech,2026-05-02 07:24:47.595267,13.0,88.0,1018.0,2.06,clear sky,2.0,14.35,30.62,2.2,62.94
Rabat,2026-05-02 07:24:47.595267,15.37,94.0,1018.0,0.0,overcast clouds,2.0,4.43,8.57,2.68,68.52
Agadir,2026-05-02 07:30:10.693600,14.06,91.0,1017.0,1.73,broken clouds,2.0,3.48,9.98,0.31,91.14
Tanger,2026-05-02 07:30:10.693600,15.74,94.0,1018.0,2.06,overcast clouds,2.0,3.48,8.62,1.9,84.68
Marrakech,2026-05-02 07:30:10.693600,13.0,88.0,1018.0,2.06,clear sky,2.0,14.35,30.62,2.2,62.94
Rabat,2026-05-02 07:30:10.693600,15.37,94.0,1018.0,0.0,overcast clouds,2.0,4.43,8.57,2.68,68.52
Agadir,2026-05-02 08:24:57.379284,15.06,88.0,1017.0,1.97,few clouds,2.0,4.03,11.48,0.41,90.44
Tanger,2026-05-02 08:24:57.379284,16.74,94.0,1018.0,1.03,scattered clouds,2.0,3.73,9.06,3.06,82.86
Marrakech,2026-05-02 08:24:57.379284,13.98,88.0,1018.0,3.6,overcast clouds,2.0,14.29,31.06,2.99,61.52
Rabat,2026-05-02 08:24:57.379284,16.37,100.0,1019.0,0.0,overcast clouds,2.0,4.59,8.82,3.47,65.97
Agadir,2026-05-02 08:30:20.416052,15.06,88.0,1017.0,1.97,few clouds,2.0,4.03,11.48,0.41,90.44
Tanger,2026-05-02 08:30:20.416052,16.74,94.0,1018.0,1.03,scattered clouds,2.0,3.73,9.06,3.06,82.86
Marrakech,2026-05-02 08:30:20.416052,13.98,88.0,1018.0,3.6,overcast clouds,2.0,13.96,31.01,2.99,64.11
Rabat,2026-05-02 08:30:20.416052,16.37,100.0,1019.0,0.0,overcast clouds,2.0,4.59,8.82,3.47,65.97
Agadir,2026-05-02 09:25:06.963104,18.06,83.0,1017.0,2.25,few clouds,2.0,4.47,12.8,0.47,89.49
Tanger,2026-05-02 09:25:06.963104,18.74,82.0,1018.0,1.03,scattered clouds,2.0,3.88,9.34,3.6,81.93
Marrakech,2026-05-02 09:25:06.963104,15.98,82.0,1018.0,3.6,broken clouds,2.0,13.96,31.01,2.99,64.11
Rabat,2026-05-02 09:25:06.963104,17.37,100.0,1019.0,2.06,overcast clouds,2.0,4.77,9.18,3.55,66.11
Agadir,2026-05-02 09:30:29.855807,18.06,83.0,1017.0,2.25,few clouds,2.0,4.47,12.8,0.47,89.49
Tanger,2026-05-02 09:30:29.855807,18.74,82.0,1018.0,1.03,scattered clouds,2.0,3.88,9.34,3.6,81.93
Marrakech,2026-05-02 09:30:29.855807,15.98,82.0,1018.0,3.6,broken clouds,2.0,13.96,31.01,2.99,64.11
Rabat,2026-05-02 09:30:29.855807,17.37,100.0,1019.0,2.06,overcast clouds,2.0,4.77,9.18,3.55,66.11
Agadir,2026-05-02 10:25:16.771390,20.06,77.0,1017.0,2.2,few clouds,2.0,4.7,13.78,0.42,88.55
Tanger,2026-05-02 10:25:16.771390,20.74,73.0,1018.0,2.06,scattered clouds,2.0,3.8,9.23,2.9,85.94
Marrakech,2026-05-02 10:25:16.771390,16.98,77.0,1018.0,3.09,broken clouds,2.0,13.44,30.69,2.29,71.39
Rabat,2026-05-02 10:25:16.771390,18.37,82.0,1019.0,2.06,overcast clouds,2.0,5.08,9.65,3.06,70.77
Agadir,2026-05-02 10:30:39.594831,20.06,74.0,1018.0,3.22,scattered clouds,2.0,4.7,13.78,0.42,88.55
Tanger,2026-05-02 10:30:39.594831,20.74,73.0,1018.0,2.06,scattered clouds,2.0,3.8,9.23,2.9,85.94
Marrakech,2026-05-02 10:30:39.594831,16.98,77.0,1018.0,3.09,broken clouds,2.0,13.44,30.69,2.29,71.39
Rabat,2026-05-02 10:30:39.594831,18.37,82.0,1019.0,2.06,overcast clouds,2.0,5.08,9.65,3.06,70.77
Agadir,2026-05-02 12:08:19.812960,24.06,71.0,1017.0,3.55,scattered clouds,2.0,5.75,16.78,0.25,88.93
Tanger,2026-05-02 12:08:19.812960,19.74,77.0,1018.0,1.54,scattered clouds,3.0,3.64,8.42,0.91,104.1
Marrakech,2026-05-02 12:08:19.812960,20.98,64.0,1017.0,1.54,broken clouds,2.0,9.82,24.45,0.39,97.11
Rabat,2026-05-02 12:08:19.812960,19.37,77.0,1019.0,2.06,overcast clouds,2.0,6.26,10.83,1.28,97.26
Agadir,2026-05-02 13:08:29.754473,24.06,68.0,1016.0,5.0,scattered clouds,2.0,6.6,18.37,0.21,90.04
Tanger,2026-05-02 13:08:29.754473,20.74,73.0,1018.0,4.12,scattered clouds,3.0,3.79,8.47,0.68,107.68
Marrakech,2026-05-02 13:08:29.754473,21.98,56.0,1016.0,2.06,scattered clouds,2.0,10.19,25.39,0.32,98.56
Rabat,2026-05-02 13:08:29.754473,19.37,77.0,1018.0,2.06,overcast clouds,3.0,6.76,11.13,0.98,100.98
Agadir,2026-05-02 14:08:40.426626,25.06,66.0,1016.0,5.47,scattered clouds,2.0,7.31,19.02,0.18,91.15
Tanger,2026-05-02 14:08:40.426626,20.74,73.0,1017.0,3.09,scattered clouds,3.0,3.88,8.43,0.56,110.9
Marrakech,2026-05-02 14:08:40.426626,23.98,53.0,1015.0,1.54,scattered clouds,3.0,10.33,26.88,0.28,101.73
Rabat,2026-05-02 14:08:40.426626,20.37,73.0,1018.0,2.57,overcast clouds,3.0,5.48,8.76,0.65,102.45
Agadir,2026-05-02 15:08:50.171003,25.06,58.0,1015.0,5.78,few clouds,2.0,6.77,16.54,0.18,92.49
Tanger,2026-05-02 15:08:50.171003,21.74,73.0,1017.0,3.6,scattered clouds,3.0,2.83,6.46,0.36,109.87
Marrakech,2026-05-02 15:08:50.171003,25.97,44.0,1015.0,1.03,scattered clouds,3.0,10.77,27.9,0.28,101.76
Rabat,2026-05-02 15:08:50.171003,21.37,64.0,1018.0,3.09,overcast clouds,3.0,5.02,7.95,0.63,102.28
Agadir,2026-05-02 16:09:00.053353,24.06,52.0,1013.0,7.2,few clouds,2.0,6.16,14.42,0.19,92.89
Tanger,2026-05-02 16:09:00.053353,22.74,68.0,1016.0,3.6,scattered clouds,3.0,2.95,6.69,0.37,111.01
Marrakech,2026-05-02 16:09:00.053353,25.98,44.0,1014.0,1.54,scattered clouds,3.0,11.15,28.99,0.3,101.08
Rabat,2026-05-02 16:09:00.053353,21.37,64.0,1017.0,3.09,overcast clouds,3.0,4.53,7.21,0.74,101.37
Agadir,2026-05-02 17:09:10.036275,25.06,50.0,1013.0,8.55,scattered clouds,2.0,5.11,11.89,0.21,93.11
Tanger,2026-05-02 17:09:10.036275,22.74,68.0,1016.0,2.06,scattered clouds,3.0,3.05,6.95,0.44,112.33
Marrakech,2026-05-02 17:09:10.036275,26.98,41.0,1013.0,2.06,scattered clouds,3.0,10.79,28.08,0.36,101.37
Rabat,2026-05-02 17:09:10.036275,20.37,68.0,1017.0,3.6,broken clouds,3.0,4.15,6.75,1.1,100.68
Agadir,2026-05-02 18:09:19.481203,23.06,51.0,1013.0,8.13,scattered clouds,2.0,3.91,9.53,0.23,92.67
Tanger,2026-05-02 18:09:19.481203,21.74,68.0,1016.0,5.66,scattered clouds,3.0,3.13,7.18,0.57,113.58
Marrakech,2026-05-02 18:09:19.481203,26.98,41.0,1013.0,2.06,scattered clouds,3.0,11.2,28.38,0.51,100.62
Rabat,2026-05-02 18:09:19.481203,20.37,68.0,1017.0,3.09,scattered clouds,2.0,3.9,6.56,1.68,99.68
Agadir,2026-05-02 19:09:29.365778,23.06,54.0,1013.0,6.7,scattered clouds,2.0,2.98,7.99,0.24,92.23
Tanger,2026-05-02 19:09:29.365778,21.74,68.0,1016.0,5.14,scattered clouds,3.0,3.13,7.22,0.74,113.66
Marrakech,2026-05-02 19:09:29.365778,26.98,41.0,1013.0,3.6,scattered clouds,2.0,11.2,27.85,0.67,98.5
Rabat,2026-05-02 19:09:29.365778,19.37,68.0,1017.0,4.12,scattered clouds,2.0,3.46,6.15,2.17,97.71
Agadir,2026-05-03 14:17:22.646394,23.06,64.0,1014.0,4.22,overcast clouds,2.0,4.14,12.37,0.16,86.84
Tanger,2026-05-03 14:17:22.646394,20.74,68.0,1015.0,4.12,scattered clouds,2.0,1.36,3.03,0.34,83.45
Marrakech,2026-05-03 14:17:22.646394,23.98,46.0,1014.0,2.57,clear sky,2.0,8.98,22.69,0.3,98.28
Rabat,2026-05-03 14:17:22.646394,22.37,64.0,1016.0,4.12,broken clouds,2.0,5.19,7.89,0.71,93.3
Agadir,2026-05-03 15:17:31.930040,24.06,61.0,1013.0,4.63,overcast clouds,2.0,4.01,11.12,0.15,84.86
Tanger,2026-05-03 15:17:31.930040,20.74,68.0,1015.0,4.63,scattered clouds,2.0,1.46,3.06,0.3,83.82
Marrakech,2026-05-03 15:17:31.930040,26.98,44.0,1013.0,1.54,clear sky,2.0,8.96,23.28,0.28,97.83
Rabat,2026-05-03 15:17:31.930040,23.37,64.0,1016.0,3.09,broken clouds,2.0,4.74,7.02,0.58,90.73
Agadir,2026-05-03 16:17:22.814384,23.06,57.0,1012.0,3.46,overcast clouds,2.0,3.72,10.08,0.16,83.61
Tanger,2026-05-03 16:17:22.814384,19.74,68.0,1015.0,4.12,scattered clouds,2.0,1.34,2.91,0.32,83.83
Marrakech,2026-05-03 16:17:22.814384,26.98,41.0,1012.0,2.57,clear sky,2.0,9.53,25.3,0.31,97.7
Rabat,2026-05-03 16:17:22.814384,22.37,68.0,1015.0,3.6,broken clouds,2.0,4.41,6.53,0.59,89.6
Agadir,2026-05-03 17:17:34.960098,24.06,55.0,1011.0,4.49,overcast clouds,2.0,3.2,8.65,0.17,82.64
Tanger,2026-05-03 17:17:34.960098,19.75,73.0,1014.0,4.63,broken clouds,2.0,1.23,2.81,0.35,84.81
Marrakech,2026-05-03 17:17:34.960098,27.97,36.0,1012.0,1.54,clear sky,2.0,10.13,27.34,0.4,98.22
Rabat,2026-05-03 17:17:34.960098,21.35,73.0,1015.0,4.12,broken clouds,2.0,4.08,6.11,0.76,88.99
Agadir,2026-05-03 18:17:44.404501,23.06,55.0,1011.0,5.11,overcast clouds,2.0,2.62,7.32,0.18,81.49
Tanger,2026-05-03 18:17:44.404501,19.74,73.0,1014.0,4.12,broken clouds,2.0,1.14,2.72,0.45,86.06
Marrakech,2026-05-03 18:17:44.404501,27.98,34.0,1012.0,2.06,clear sky,2.0,10.51,28.8,0.55,97.82
Rabat,2026-05-03 18:17:44.404501,20.37,77.0,1015.0,3.6,broken clouds,2.0,3.78,5.8,1.14,87.58
Agadir,2026-05-03 19:17:54.481706,22.06,58.0,1011.0,4.53,overcast clouds,2.0,2.19,6.46,0.19,81.03
Tanger,2026-05-03 19:17:54.481706,18.74,77.0,1014.0,4.12,broken clouds,2.0,1.05,2.62,0.56,87.06
Marrakech,2026-05-03 19:17:54.481706,26.98,36.0,1012.0,2.06,scattered clouds,2.0,10.48,28.95,0.71,96.56
Rabat,2026-05-03 19:17:54.481706,19.37,82.0,1015.0,3.09,broken clouds,2.0,3.3,5.29,1.64,84.89
Agadir,2026-05-03 20:17:38.108356,19.06,63.0,1012.0,3.14,overcast clouds,2.0,1.93,6.09,0.21,81.31
Tanger,2026-05-03 20:17:38.108356,17.74,82.0,1015.0,3.09,broken clouds,2.0,1.03,2.65,0.9,85.78
Marrakech,2026-05-03 20:17:38.108356,26.0,38.0,1013.0,2.57,scattered clouds,2.0,10.28,28.44,1.05,92.91
Rabat,2026-05-03 20:17:38.108356,18.37,88.0,1016.0,2.06,broken clouds,2.0,2.76,4.71,2.13,80.96
Agadir,2026-05-03 21:17:47.576719,18.06,69.0,1013.0,2.62,overcast clouds,2.0,1.8,6.02,0.22,82.55
Tanger,2026-05-03 21:17:47.576719,17.74,82.0,1016.0,2.06,broken clouds,2.0,1.07,2.85,1.24,83.61
Marrakech,2026-05-03 21:17:47.576719,22.98,53.0,1014.0,4.63,scattered clouds,2.0,10.25,28.19,1.4,90.53
Rabat,2026-05-03 21:17:47.576719,18.37,82.0,1017.0,2.06,scattered clouds,2.0,2.44,4.39,2.44,78.37
Agadir,2026-05-03 22:17:57.236803,18.06,74.0,1014.0,3.03,broken clouds,2.0,1.76,6.18,0.21,84.03
Tanger,2026-05-03 22:17:57.236803,17.74,82.0,1016.0,2.57,broken clouds,2.0,1.11,3.11,1.35,82.99
Marrakech,2026-05-03 22:17:57.236803,20.98,60.0,1015.0,4.12,scattered clouds,2.0,10.17,27.74,1.59,89.06
Rabat,2026-05-03 22:17:57.236803,17.37,88.0,1017.0,1.54,scattered clouds,2.0,2.2,4.14,2.5,76.72
Agadir,2026-05-03 23:17:36.344657,18.06,79.0,1015.0,3.25,broken clouds,2.0,1.76,6.34,0.23,85.26
Tanger,2026-05-03 23:17:36.344657,15.74,88.0,1017.0,2.06,broken clouds,2.0,1.18,3.41,1.44,82.59
Marrakech,2026-05-03 23:17:36.344657,18.98,63.0,1016.0,3.09,scattered clouds,2.0,9.99,26.83,1.75,85.78
Rabat,2026-05-03 23:17:36.344657,14.37,94.0,1017.0,0.0,broken clouds,2.0,2.01,3.91,2.5,74.17
Agadir,2026-05-04 00:17:46.235487,18.06,82.0,1015.0,3.4,broken clouds,2.0,1.61,5.92,0.23,85.75
Tanger,2026-05-04 00:17:46.235487,15.74,88.0,1017.0,2.06,broken clouds,2.0,1.23,3.64,1.41,82.96
Marrakech,2026-05-04 00:17:46.235487,17.98,68.0,1016.0,3.09,scattered clouds,2.0,10.1,26.63,1.83,83.49
Rabat,2026-05-04 00:17:46.235487,14.35,100.0,1017.0,0.0,broken clouds,2.0,1.92,3.82,2.51,72.53
Agadir,2026-05-04 01:17:56.232208,17.06,83.0,1015.0,3.91,broken clouds,2.0,1.45,5.4,0.23,85.31
Tanger,2026-05-04 01:17:56.232208,15.74,82.0,1016.0,2.57,broken clouds,2.0,1.25,3.75,1.23,84.1
Marrakech,2026-05-04 01:17:56.232208,17.98,68.0,1016.0,1.54,scattered clouds,2.0,10.26,26.61,1.74,81.48
Rabat,2026-05-04 01:17:56.232208,15.37,100.0,1017.0,0.0,broken clouds,2.0,1.92,3.84,2.43,71.11
Agadir,2026-05-04 02:18:05.769987,15.06,84.0,1014.0,4.15,clear sky,2.0,1.41,5.29,0.23,84.36
Tanger,2026-05-04 02:18:05.769987,15.74,82.0,1016.0,2.57,broken clouds,2.0,1.22,3.66,0.98,85.38
Marrakech,2026-05-04 02:18:05.769987,15.98,77.0,1016.0,1.03,scattered clouds,2.0,10.32,26.16,1.62,77.39
Rabat,2026-05-04 02:18:05.769987,15.37,100.0,1016.0,0.0,broken clouds,2.0,1.98,3.96,2.31,69.8
Agadir,2026-05-04 03:18:15.591101,15.06,85.0,1014.0,3.78,clear sky,2.0,1.61,6.03,0.23,83.61
Tanger,2026-05-04 03:18:15.591101,15.74,82.0,1015.0,3.09,broken clouds,2.0,1.19,3.57,0.88,85.06
Marrakech,2026-05-04 03:18:15.591101,15.98,77.0,1015.0,3.09,scattered clouds,2.0,10.51,25.89,1.58,74.41
Rabat,2026-05-04 03:18:15.591101,16.37,100.0,1016.0,0.0,overcast clouds,2.0,2.05,4.13,2.23,68.69
Agadir,2026-05-04 04:18:25.409951,14.06,86.0,1014.0,3.07,clear sky,2.0,1.76,6.57,0.23,82.86
Tanger,2026-05-04 04:18:25.409951,15.74,88.0,1015.0,2.06,broken clouds,2.0,1.18,3.52,0.86,83.73
Marrakech,2026-05-04 04:18:25.409951,14.98,82.0,1015.0,2.57,scattered clouds,2.0,10.81,25.9,1.56,73.64
Rabat,2026-05-04 04:18:25.409951,15.37,100.0,1016.0,0.0,overcast clouds,2.0,2.15,4.34,2.2,67.5
Agadir,2026-05-04 05:18:35.241885,14.06,87.0,1014.0,2.51,clear sky,2.0,1.93,7.18,0.23,82.15
Tanger,2026-05-04 05:18:35.241885,15.74,88.0,1015.0,1.54,broken clouds,2.0,1.18,3.52,0.91,82.26
Marrakech,2026-05-04 05:18:35.241885,13.98,82.0,1015.0,2.57,scattered clouds,2.0,11.03,25.89,1.63,73.42
Rabat,2026-05-04 05:18:35.241885,14.37,100.0,1016.0,0.0,overcast clouds,2.0,2.28,4.57,2.24,66.61
Agadir,2026-05-04 06:18:45.056591,14.06,87.0,1014.0,1.88,clear sky,2.0,2.13,7.92,0.25,81.24
Tanger,2026-05-04 06:18:45.056591,15.74,88.0,1015.0,1.54,broken clouds,2.0,1.21,3.54,1.11,80.41
Marrakech,2026-05-04 06:18:45.056591,14.98,82.0,1015.0,2.06,broken clouds,2.0,11.47,26.32,1.82,73.29
Rabat,2026-05-04 06:18:45.056591,14.35,94.0,1016.0,0.0,broken clouds,2.0,2.5,4.96,2.4,66.16
Agadir,2026-05-04 07:18:54.891657,14.06,87.0,1014.0,1.42,clear sky,2.0,2.4,8.91,0.3,79.63
Tanger,2026-05-04 07:18:54.891657,15.74,88.0,1016.0,1.54,broken clouds,2.0,1.29,3.67,1.83,78.32
Marrakech,2026-05-04 07:18:54.891657,14.98,82.0,1016.0,1.54,broken clouds,2.0,11.84,26.76,2.52,72.64
Rabat,2026-05-04 07:18:54.891657,14.37,94.0,1017.0,0.0,broken clouds,2.0,2.8,5.46,2.97,65.93
Agadir,2026-05-04 08:19:04.518464,15.06,82.0,1015.0,2.37,clear sky,2.0,2.78,10.33,0.42,78.01
Tanger,2026-05-04 08:19:04.518464,16.74,82.0,1016.0,2.06,broken clouds,2.0,1.46,3.94,3.33,75.39
Marrakech,2026-05-04 08:19:04.518464,15.98,77.0,1016.0,2.06,broken clouds,2.0,11.69,26.99,3.85,71.04
Rabat,2026-05-04 08:19:04.518464,15.37,100.0,1017.0,0.0,broken clouds,2.0,3.12,5.91,3.92,66.45
Agadir,2026-05-04 09:19:14.191009,18.06,79.0,1015.0,2.33,clear sky,2.0,3.19,11.91,0.49,77.09
Tanger,2026-05-04 09:19:14.191009,17.74,77.0,1016.0,3.6,scattered clouds,2.0,1.6,4.17,4.03,73.58
Marrakech,2026-05-04 09:19:14.191009,16.98,77.0,1016.0,1.54,broken clouds,2.0,10.97,26.3,4.38,69.62
Rabat,2026-05-04 09:19:14.191009,18.37,94.0,1017.0,0.0,broken clouds,2.0,3.28,6.08,4.15,68.18
Agadir,2026-05-04 10:19:23.788838,21.06,75.0,1015.0,2.56,clear sky,2.0,3.55,13.26,0.44,77.34
Tanger,2026-05-04 10:19:23.788838,18.74,68.0,1017.0,4.63,broken clouds,2.0,1.61,4.19,3.22,76.84
Marrakech,2026-05-04 10:19:23.788838,18.98,68.0,1016.0,1.03,broken clouds,2.0,10.6,25.83,3.64,71.45
Rabat,2026-05-04 10:19:23.788838,20.37,73.0,1017.0,2.06,broken clouds,2.0,3.29,6.02,3.54,72.08
Agadir,2026-05-04 11:19:33.347221,21.06,72.0,1015.0,2.66,clear sky,2.0,3.94,14.46,0.33,78.5
Tanger,2026-05-04 11:19:33.347221,18.74,68.0,1017.0,4.12,scattered clouds,2.0,1.23,3.48,0.89,91.17
Marrakech,2026-05-04 11:19:33.347221,19.97,64.0,1016.0,2.06,scattered clouds,2.0,9.06,22.35,2.18,82.06
Rabat,2026-05-04 11:19:33.347221,21.37,64.0,1018.0,2.57,broken clouds,2.0,3.13,5.52,2.13,84.28
Agadir,2026-05-04 12:19:43.089520,23.06,68.0,1015.0,3.76,clear sky,2.0,4.51,15.95,0.25,80.34
Tanger,2026-05-04 12:19:43.089520,18.74,68.0,1017.0,4.63,scattered clouds,2.0,1.17,3.28,0.57,95.24
Marrakech,2026-05-04 12:19:43.089520,22.98,56.0,1016.0,2.06,scattered clouds,2.0,8.79,21.92,1.37,85.64
Rabat,2026-05-04 12:19:43.089520,21.37,68.0,1017.0,3.09,broken clouds,2.0,3.45,5.68,1.4,91.48
Agadir,2026-05-04 13:19:52.596850,24.06,64.0,1014.0,5.35,clear sky,2.0,5.17,17.29,0.2,81.94
Tanger,2026-05-04 13:19:52.596850,19.74,64.0,1017.0,4.63,scattered clouds,2.0,1.22,3.32,0.43,98.52
Marrakech,2026-05-04 13:19:52.596850,23.98,53.0,1015.0,1.54,scattered clouds,2.0,9.18,23.13,0.74,89.53
Rabat,2026-05-04 13:19:52.596850,21.37,64.0,1017.0,3.6,broken clouds,2.0,3.93,6.12,1.08,95.66
Agadir,2026-05-04 14:20:02.188569,24.06,58.0,1013.0,5.37,clear sky,2.0,4.75,14.67,0.18,84.19
Tanger,2026-05-04 14:20:02.188569,18.74,63.0,1017.0,5.14,scattered clouds,3.0,1.25,3.36,0.33,102.85
Marrakech,2026-05-04 14:20:02.188569,24.98,47.0,1014.0,3.09,scattered clouds,2.0,8.15,21.46,0.44,90.41
Rabat,2026-05-04 14:20:02.188569,21.37,60.0,1017.0,3.6,scattered clouds,3.0,3.87,5.85,0.66,101.33
Agadir,2026-05-04 15:20:11.790653,24.06,54.0,1012.0,5.71,clear sky,2.0,5.2,15.08,0.18,86.0
Tanger,2026-05-04 15:20:11.790653,18.74,68.0,1016.0,5.14,scattered clouds,3.0,1.41,3.63,0.33,105.59
Marrakech,2026-05-04 15:20:11.790653,24.98,47.0,1013.0,2.57,scattered clouds,2.0,7.66,20.99,0.38,89.72
Rabat,2026-05-04 15:20:11.790653,21.37,60.0,1017.0,4.12,scattered clouds,3.0,3.95,5.92,0.62,102.64
Agadir,2026-05-04 16:20:21.509359,24.06,51.0,1011.0,6.56,clear sky,2.0,5.47,15.08,0.19,88.51
Tanger,2026-05-04 16:20:21.509359,19.74,52.0,1016.0,5.14,few clouds,3.0,1.53,3.82,0.35,108.18
Marrakech,2026-05-04 16:20:21.509359,27.98,42.0,1012.0,1.54,broken clouds,2.0,7.27,20.34,0.36,89.39
Rabat,2026-05-04 16:20:21.509359,21.37,60.0,1016.0,3.6,scattered clouds,3.0,3.94,5.95,0.69,102.84
Agadir,2026-05-04 17:20:31.246026,23.06,51.0,1011.0,8.11,clear sky,2.0,5.41,14.42,0.23,91.28
Tanger,2026-05-04 17:20:31.246026,18.74,52.0,1016.0,5.66,few clouds,3.0,1.6,3.94,0.41,110.54
Marrakech,2026-05-04 17:20:31.246026,25.98,41.0,1012.0,1.54,broken clouds,2.0,7.23,20.44,0.42,90.21
Rabat,2026-05-04 17:20:31.246026,21.37,64.0,1016.0,3.09,scattered clouds,3.0,3.82,5.97,0.9,103.21
Agadir,2026-05-04 18:20:40.829501,22.06,52.0,1011.0,8.66,clear sky,2.0,5.01,13.21,0.27,93.61
Tanger,2026-05-04 18:20:40.829501,18.77,52.0,1016.0,4.12,few clouds,3.0,1.64,4.01,0.53,112.85
Marrakech,2026-05-04 18:20:40.829501,25.98,41.0,1011.0,2.06,scattered clouds,2.0,7.5,21.07,0.55,90.33
Rabat,2026-05-04 18:20:40.829501,20.35,68.0,1016.0,3.6,scattered clouds,3.0,3.65,6.06,1.26,103.43
Agadir,2026-05-04 19:20:50.379056,21.06,56.0,1011.0,9.5,clear sky,2.0,4.47,11.91,0.31,95.01
Tanger,2026-05-04 19:20:50.379056,17.74,55.0,1016.0,4.63,few clouds,3.0,1.63,3.98,0.67,113.98
Marrakech,2026-05-04 19:20:50.379056,25.98,41.0,1012.0,2.57,scattered clouds,2.0,7.21,20.11,0.7,89.8
Rabat,2026-05-04 19:20:50.379056,19.37,68.0,1016.0,4.12,scattered clouds,3.0,3.16,5.79,1.75,101.51
Agadir,2026-05-04 20:21:00.002296,20.06,59.0,1011.0,6.51,clear sky,2.0,3.89,10.8,0.37,95.29
Tanger,2026-05-04 20:21:00.002296,16.74,63.0,1016.0,4.12,few clouds,3.0,1.59,3.91,0.89,113.35
Marrakech,2026-05-04 20:21:00.002296,26.02,38.0,1013.0,4.12,broken clouds,2.0,6.76,18.62,1.03,87.23
Rabat,2026-05-04 20:21:00.002296,18.37,68.0,1017.0,3.6,scattered clouds,2.0,2.58,5.35,2.45,96.54
Agadir,2026-05-04 21:21:09.612687,19.06,66.0,1012.0,3.76,clear sky,2.0,3.38,10.04,0.37,95.36
Tanger,2026-05-04 21:21:09.612687,15.74,72.0,1017.0,3.6,few clouds,3.0,1.55,3.86,1.0,112.21
Marrakech,2026-05-04 21:21:09.612687,22.98,49.0,1014.0,5.66,broken clouds,2.0,6.43,17.57,1.35,85.05
Rabat,2026-05-04 21:21:09.612687,16.37,82.0,1018.0,2.57,scattered clouds,2.0,2.28,5.16,2.72,94.02
Agadir,2026-05-04 22:21:21.192033,18.06,71.0,1013.0,3.21,clear sky,2.0,3.02,9.65,0.35,95.43
Tanger,2026-05-04 22:21:21.192033,15.74,72.0,1017.0,3.6,few clouds,3.0,1.5,3.88,1.0,110.91
Marrakech,2026-05-04 22:21:21.192033,19.98,56.0,1015.0,4.63,broken clouds,2.0,6.15,16.72,1.54,84.44
Rabat,2026-05-04 22:21:21.192033,16.37,82.0,1018.0,2.06,scattered clouds,2.0,2.15,5.06,2.61,93.42
Agadir,2026-05-04 23:21:30.844203,18.06,72.0,1013.0,4.15,clear sky,2.0,2.79,9.48,0.35,95.26
Tanger,2026-05-04 23:21:30.844203,15.74,77.0,1017.0,2.57,few clouds,3.0,1.49,4.04,1.1,108.17
Marrakech,2026-05-04 23:21:30.844203,18.98,59.0,1016.0,4.63,broken clouds,2.0,5.94,15.9,1.74,82.32
Rabat,2026-05-04 23:21:30.844203,13.37,94.0,1018.0,0.0,scattered clouds,2.0,2.07,4.92,2.51,92.54
Agadir,2026-05-05 00:26:15.709472,17.06,75.0,1014.0,3.91,clear sky,2.0,2.65,9.4,0.34,95.53
Tanger,2026-05-05 00:26:15.709472,15.74,77.0,1017.0,3.6,few clouds,3.0,1.5,4.35,1.22,105.31
Marrakech,2026-05-05 00:26:15.709472,17.98,63.0,1016.0,2.06,broken clouds,2.0,5.93,15.57,1.86,79.1
Rabat,2026-05-05 00:26:15.709472,11.37,93.0,1018.0,0.0,scattered clouds,2.0,2.06,4.88,2.41,92.83
Agadir,2026-05-05 01:26:25.503296,15.06,79.0,1014.0,3.59,clear sky,2.0,2.56,9.37,0.31,95.57
Tanger,2026-05-05 01:26:25.503296,15.74,77.0,1017.0,2.57,few clouds,3.0,1.53,4.74,1.15,102.84
Marrakech,2026-05-05 01:26:25.503296,17.98,63.0,1016.0,2.57,few clouds,2.0,5.95,15.43,1.75,75.79
Rabat,2026-05-05 01:26:25.503296,9.37,100.0,1018.0,0.0,scattered clouds,2.0,2.12,5.02,2.26,92.97
Agadir,2026-05-05 02:26:35.213724,15.06,82.0,1013.0,3.32,clear sky,2.0,2.52,9.44,0.28,95.11
Tanger,2026-05-05 02:26:35.213724,15.74,82.0,1016.0,2.57,few clouds,3.0,1.57,5.09,1.03,101.14
Marrakech,2026-05-05 02:26:35.213724,16.98,63.0,1015.0,1.54,few clouds,2.0,5.91,15.23,1.61,72.8
Rabat,2026-05-05 02:26:35.213724,8.37,100.0,1017.0,0.0,scattered clouds,2.0,2.22,5.25,2.09,92.68
Agadir,2026-05-05 03:26:44.786264,15.06,82.0,1013.0,3.82,clear sky,2.0,2.53,9.68,0.26,94.62
Tanger,2026-05-05 03:26:44.786264,14.74,82.0,1015.0,3.09,few clouds,2.0,1.62,5.4,0.97,99.96
Marrakech,2026-05-05 03:26:44.786264,15.98,67.0,1015.0,1.54,few clouds,2.0,5.98,15.22,1.55,72.37
Rabat,2026-05-05 03:26:44.786264,8.37,100.0,1016.0,0.0,scattered clouds,2.0,2.36,5.55,1.98,92.33
Agadir,2026-05-05 04:26:54.534294,16.06,87.0,1013.0,5.03,clear sky,2.0,2.58,9.91,0.25,93.9
Tanger,2026-05-05 04:26:54.534294,15.74,72.0,1015.0,3.09,few clouds,2.0,1.71,5.73,0.97,99.17
Marrakech,2026-05-05 04:26:54.534294,15.98,72.0,1015.0,2.06,few clouds,2.0,6.12,15.34,1.51,73.2
Rabat,2026-05-05 04:26:54.534294,9.37,100.0,1016.0,0.0,scattered clouds,2.0,2.52,5.88,1.93,91.45
Agadir,2026-05-05 05:27:04.078828,17.06,88.0,1013.0,5.07,clear sky,2.0,2.67,10.2,0.25,93.67
Tanger,2026-05-05 05:27:04.078828,15.74,72.0,1015.0,3.09,few clouds,2.0,1.85,6.22,1.07,97.13
Marrakech,2026-05-05 05:27:04.078828,13.98,77.0,1015.0,3.09,clear sky,2.0,6.26,15.45,1.52,74.29
Rabat,2026-05-05 05:27:04.078828,10.37,100.0,1016.0,0.0,scattered clouds,2.0,2.69,6.19,1.95,90.62
Agadir,2026-05-05 06:27:13.831769,16.06,89.0,1013.0,3.37,clear sky,2.0,2.8,10.59,0.26,93.23
Tanger,2026-05-05 06:27:13.831769,14.74,77.0,1015.0,2.06,scattered clouds,2.0,2.01,6.75,1.34,93.45
Marrakech,2026-05-05 06:27:13.831769,12.98,76.0,1015.0,1.03,clear sky,2.0,6.43,15.58,1.68,75.03
Rabat,2026-05-05 06:27:13.831769,11.37,100.0,1016.0,0.0,scattered clouds,2.0,2.9,6.55,2.08,89.36
Agadir,2026-05-05 07:27:23.590265,15.06,89.0,1013.0,3.71,few clouds,2.0,2.98,11.05,0.33,92.78
Tanger,2026-05-05 07:27:23.590265,13.74,82.0,1016.0,1.03,scattered clouds,2.0,2.18,7.16,2.14,89.15
Marrakech,2026-05-05 07:27:23.590265,12.98,76.0,1015.0,2.06,clear sky,2.0,6.65,15.77,2.37,74.9
Rabat,2026-05-05 07:27:23.590265,11.37,100.0,1016.0,0.0,scattered clouds,2.0,3.13,6.93,2.55,88.11
Agadir,2026-05-05 08:27:33.178855,16.06,84.0,1014.0,4.08,overcast clouds,2.0,3.16,11.47,0.5,91.81
Tanger,2026-05-05 08:27:33.178855,15.74,77.0,1016.0,1.03,few clouds,2.0,2.35,7.1,3.77,84.1
Marrakech,2026-05-05 08:27:33.178855,13.98,77.0,1015.0,2.57,clear sky,2.0,6.63,15.65,3.65,73.48
Rabat,2026-05-05 08:27:33.178855,13.37,100.0,1017.0,0.0,scattered clouds,2.0,3.35,7.25,3.45,86.33
Agadir,2026-05-05 09:27:42.945492,19.06,81.0,1014.0,3.49,overcast clouds,2.0,3.34,11.94,0.61,90.78
Tanger,2026-05-05 09:27:42.945492,16.74,72.0,1016.0,2.57,scattered clouds,2.0,2.43,6.73,4.86,81.8
Marrakech,2026-05-05 09:27:42.945492,17.98,72.0,1015.0,0.51,clear sky,2.0,6.65,15.63,3.96,72.21
Rabat,2026-05-05 09:27:42.945492,16.37,94.0,1016.0,1.54,scattered clouds,2.0,3.53,7.52,3.74,86.15
Agadir,2026-05-05 10:27:52.495333,21.06,73.0,1014.0,3.24,overcast clouds,2.0,3.54,12.46,0.56,90.92
Tanger,2026-05-05 10:27:52.495333,17.74,68.0,1016.0,3.09,scattered clouds,2.0,2.42,6.32,4.4,84.28
Marrakech,2026-05-05 10:27:52.495333,18.98,68.0,1015.0,1.03,clear sky,2.0,6.73,15.87,3.45,74.1
Rabat,2026-05-05 10:27:52.495333,18.37,63.0,1017.0,2.06,scattered clouds,2.0,3.71,7.83,3.36,88.29
Agadir,2026-05-05 11:43:38.735878,23.06,67.0,1014.0,2.37,overcast clouds,2.0,4.05,13.18,0.53,91.72
Tanger,2026-05-05 11:43:38.735878,18.74,59.0,1016.0,3.6,scattered clouds,3.0,1.96,4.99,1.0,105.97
Marrakech,2026-05-05 11:43:38.735878,20.98,56.0,1014.0,2.57,clear sky,2.0,5.52,14.15,1.27,93.1
Rabat,2026-05-05 11:43:38.735878,19.37,59.0,1017.0,2.57,broken clouds,3.0,4.36,8.28,1.37,103.23
Agadir,2026-05-05 12:43:48.514019,25.06,69.0,1014.0,3.61,overcast clouds,2.0,4.56,13.93,0.52,92.37
Tanger,2026-05-05 12:43:48.514019,19.74,56.0,1016.0,4.12,scattered clouds,3.0,1.99,4.74,0.67,108.78
Marrakech,2026-05-05 12:43:48.514019,22.98,53.0,1014.0,2.57,clear sky,2.0,6.05,15.63,0.71,95.76
Rabat,2026-05-05 12:43:48.514019,20.35,56.0,1016.0,4.12,scattered clouds,3.0,5.02,8.84,0.97,107.66
Agadir,2026-05-05 13:43:58.177169,26.06,68.0,1013.0,4.7,overcast clouds,2.0,5.39,15.53,0.52,93.48
Tanger,2026-05-05 13:43:58.177169,19.74,52.0,1016.0,4.63,scattered clouds,3.0,2.05,4.58,0.48,110.75
Marrakech,2026-05-05 13:43:58.177169,24.98,47.0,1013.0,2.57,clear sky,2.0,5.04,14.42,0.29,87.6
Rabat,2026-05-05 13:43:58.177169,20.37,52.0,1016.0,4.12,scattered clouds,3.0,4.9,8.29,0.71,110.8
Agadir,2026-05-05 14:44:07.951141,27.06,59.0,1012.0,4.75,overcast clouds,3.0,6.71,17.9,0.56,103.36
Tanger,2026-05-05 14:44:07.951141,19.74,60.0,1015.0,5.14,scattered clouds,3.0,1.89,4.46,0.45,111.18
Marrakech,2026-05-05 14:44:07.951141,24.97,47.0,1012.0,2.06,clear sky,2.0,4.08,12.08,0.27,79.55
Rabat,2026-05-05 14:44:07.951141,20.37,45.0,1015.0,4.12,scattered clouds,3.0,4.2,7.02,0.63,114.54
Agadir,2026-05-05 15:44:17.802072,27.06,56.0,1011.0,5.16,overcast clouds,3.0,7.56,19.59,0.6,103.56
Tanger,2026-05-05 15:44:17.802072,19.83,56.0,1015.0,5.66,scattered clouds,3.0,1.84,4.23,0.44,111.17
Marrakech,2026-05-05 15:44:17.802072,25.98,41.0,1011.0,3.09,scattered clouds,2.0,3.6,10.74,0.29,75.3
Rabat,2026-05-05 15:44:17.802072,21.37,46.0,1015.0,4.63,broken clouds,3.0,4.04,6.77,0.69,115.31
Agadir,2026-05-05 16:44:27.124479,26.06,52.0,1010.0,5.27,overcast clouds,3.0,8.37,21.08,0.71,102.85
Tanger,2026-05-05 16:44:27.124479,18.74,52.0,1014.0,6.17,scattered clouds,3.0,1.75,3.95,0.49,111.12
Marrakech,2026-05-05 16:44:27.124479,27.98,36.0,1011.0,2.57,scattered clouds,2.0,3.42,10.18,0.36,73.93
Rabat,2026-05-05 16:44:27.124479,19.37,55.0,1015.0,4.63,broken clouds,3.0,3.73,6.48,0.91,115.34
Agadir,2026-05-05 17:44:38.150614,26.06,51.0,1010.0,4.4,overcast clouds,3.0,8.87,21.6,0.82,101.94
Tanger,2026-05-05 17:44:38.150614,17.74,55.0,1014.0,5.14,broken clouds,3.0,1.65,3.74,0.64,110.23
Marrakech,2026-05-05 17:44:38.150614,27.98,36.0,1011.0,2.57,scattered clouds,2.0,3.39,9.96,0.47,73.07
Rabat,2026-05-05 17:44:38.150614,19.37,55.0,1015.0,4.12,overcast clouds,3.0,3.42,6.26,1.32,113.59
Agadir,2026-05-05 18:44:47.423062,25.06,53.0,1010.0,4.19,overcast clouds,3.0,8.7,20.86,0.75,102.89
Tanger,2026-05-05 18:44:47.423062,17.74,48.0,1014.0,5.66,broken clouds,3.0,1.55,3.59,0.77,109.11
Marrakech,2026-05-05 18:44:47.423062,25.98,36.0,1011.0,3.6,scattered clouds,2.0,3.29,9.55,0.57,72.42
Rabat,2026-05-05 18:44:47.423062,18.37,68.0,1015.0,4.63,overcast clouds,3.0,2.91,5.73,1.81,110.64
Agadir,2026-05-05 19:44:57.160950,23.06,56.0,1010.0,3.7,overcast clouds,3.0,7.63,18.63,0.56,107.37
Tanger,2026-05-05 19:44:57.160950,17.74,52.0,1015.0,4.12,broken clouds,3.0,1.46,3.48,0.85,107.51
Marrakech,2026-05-05 19:44:57.160950,24.98,33.0,1012.0,4.63,scattered clouds,2.0,3.48,10.04,0.88,71.91
Rabat,2026-05-05 19:44:57.160950,17.37,72.0,1015.0,3.6,broken clouds,3.0,2.38,5.09,2.44,105.31
Agadir,2026-05-05 20:45:06.507749,20.06,60.0,1010.0,2.09,overcast clouds,3.0,6.32,16.12,0.51,109.57
Tanger,2026-05-05 20:45:06.507749,16.74,59.0,1015.0,4.63,clear sky,3.0,1.4,3.42,0.87,105.9
Marrakech,2026-05-05 20:45:06.507749,23.98,35.0,1013.0,3.6,scattered clouds,2.0,3.95,11.46,1.26,72.33
Rabat,2026-05-05 20:45:06.507749,17.37,63.0,1016.0,2.57,broken clouds,3.0,2.09,4.76,2.74,101.34
Agadir,2026-05-05 21:45:16.502233,18.06,64.0,1011.0,1.87,broken clouds,3.0,5.21,14.33,0.44,110.38
Tanger,2026-05-05 21:45:16.502233,16.74,63.0,1015.0,3.6,clear sky,3.0,1.39,3.54,0.87,104.85
Marrakech,2026-05-05 21:45:16.502233,20.98,46.0,1013.0,4.63,scattered clouds,2.0,4.27,12.5,1.48,73.26
Rabat,2026-05-05 21:45:16.502233,16.37,67.0,1016.0,2.06,broken clouds,2.0,1.99,4.67,2.73,98.83
Agadir,2026-05-05 22:37:06.706972,18.06,69.0,1012.0,2.89,broken clouds,3.0,4.42,13.08,0.41,109.28
Tanger,2026-05-05 22:37:06.706972,16.74,63.0,1015.0,3.6,clear sky,3.0,1.49,3.97,1.05,103.14
Marrakech,2026-05-05 22:37:06.706972,18.97,55.0,1014.0,4.63,scattered clouds,2.0,4.38,12.93,1.59,72.79
Rabat,2026-05-05 22:37:06.706972,16.37,72.0,1016.0,2.06,scattered clouds,2.0,2.01,4.71,2.72,95.82
Agadir,2026-05-05 23:37:16.486662,17.06,72.0,1012.0,3.0,broken clouds,3.0,3.81,11.95,0.38,107.7
Tanger,2026-05-05 23:37:16.486662,16.74,72.0,1015.0,2.06,clear sky,3.0,1.67,4.69,1.26,101.33
Marrakech,2026-05-05 23:37:16.486662,16.98,59.0,1014.0,4.63,scattered clouds,2.0,4.5,13.34,1.7,73.32
Rabat,2026-05-05 23:37:16.486662,16.37,72.0,1016.0,1.54,scattered clouds,2.0,2.11,4.87,2.69,93.83
Agadir,2026-05-06 00:37:26.084055,17.06,78.0,1012.0,3.08,broken clouds,3.0,3.35,11.03,0.34,106.81
Tanger,2026-05-06 00:37:26.084055,15.74,77.0,1014.0,1.54,clear sky,3.0,1.86,5.58,1.26,100.38
Marrakech,2026-05-06 00:37:26.084055,15.98,63.0,1014.0,2.57,scattered clouds,2.0,4.62,13.7,1.69,73.85
Rabat,2026-05-06 00:37:26.084055,14.37,77.0,1015.0,0.0,scattered clouds,2.0,2.24,5.06,2.54,92.2
Agadir,2026-05-06 01:37:36.620021,16.06,78.0,1012.0,3.08,broken clouds,3.0,3.13,10.62,0.31,106.38
Tanger,2026-05-06 01:37:36.620021,15.74,77.0,1014.0,2.06,clear sky,2.0,2.05,6.48,1.22,98.81
Marrakech,2026-05-06 01:37:36.620021,14.97,63.0,1014.0,1.54,scattered clouds,2.0,4.72,13.81,1.65,71.86
Rabat,2026-05-06 01:37:36.620021,11.37,93.0,1014.0,0.0,scattered clouds,2.0,2.36,5.26,2.39,89.94
Agadir,2026-05-06 02:37:46.390425,15.06,76.0,1011.0,3.66,scattered clouds,3.0,3.01,10.43,0.3,105.46
Tanger,2026-05-06 02:37:46.390425,14.74,77.0,1012.0,2.06,clear sky,2.0,2.22,7.27,1.24,96.53
Marrakech,2026-05-06 02:37:46.390425,14.98,63.0,1012.0,1.03,scattered clouds,2.0,4.85,14.02,1.62,70.45
Rabat,2026-05-06 02:37:46.390425,9.37,100.0,1014.0,0.0,scattered clouds,2.0,2.52,5.52,2.33,87.17
Agadir,2026-05-06 03:37:56.480170,15.06,78.0,1010.0,3.25,scattered clouds,3.0,2.96,10.38,0.29,103.84
Tanger,2026-05-06 03:37:56.480170,14.74,72.0,1012.0,2.57,clear sky,2.0,2.38,7.89,1.28,94.95
Marrakech,2026-05-06 03:37:56.480170,12.97,71.0,1012.0,1.54,clear sky,2.0,4.98,14.25,1.54,70.58
Rabat,2026-05-06 03:37:56.480170,9.37,100.0,1013.0,0.0,scattered clouds,2.0,2.72,5.83,2.3,84.94
Agadir,2026-05-06 04:38:06.193736,14.06,78.0,1010.0,2.79,scattered clouds,3.0,2.98,10.51,0.3,101.98
Tanger,2026-05-06 04:38:06.193736,14.74,72.0,1012.0,2.57,scattered clouds,2.0,2.51,8.34,1.36,93.94
Marrakech,2026-05-06 04:38:06.193736,11.98,76.0,1012.0,2.06,clear sky,2.0,5.1,14.45,1.53,71.36
Rabat,2026-05-06 04:38:06.193736,8.37,100.0,1013.0,0.0,scattered clouds,2.0,2.95,6.15,2.33,82.41
Agadir,2026-05-06 05:38:16.017989,15.06,80.0,1010.0,1.56,scattered clouds,3.0,3.1,10.89,0.32,100.11
Tanger,2026-05-06 05:38:16.017989,14.74,72.0,1012.0,3.09,scattered clouds,2.0,2.59,8.54,1.54,90.59
Marrakech,2026-05-06 05:38:16.017989,11.98,71.0,1012.0,0.51,clear sky,2.0,5.22,14.6,1.7,71.61
Rabat,2026-05-06 05:38:16.017989,7.37,100.0,1013.0,0.0,scattered clouds,2.0,3.23,6.55,2.54,79.95
Agadir,2026-05-06 06:38:25.775023,16.06,81.0,1011.0,0.77,scattered clouds,2.0,3.32,11.54,0.43,98.24
Tanger,2026-05-06 06:38:25.775023,14.74,72.0,1012.0,3.09,scattered clouds,2.0,2.69,8.67,2.22,86.93
Marrakech,2026-05-06 06:38:25.775023,12.98,71.0,1012.0,1.54,clear sky,2.0,5.39,14.79,2.4,70.83
Rabat,2026-05-06 06:38:25.775023,7.37,100.0,1013.0,0.0,scattered clouds,2.0,3.61,7.09,3.37,77.19
Agadir,2026-05-06 07:38:35.813985,15.06,77.0,1011.0,0.97,clear sky,2.0,3.64,12.49,0.66,95.64
Tanger,2026-05-06 07:38:35.813985,13.74,77.0,1012.0,2.57,scattered clouds,2.0,2.84,8.78,3.5,83.05
Marrakech,2026-05-06 07:38:35.813985,10.98,76.0,1013.0,1.03,clear sky,2.0,5.46,14.78,3.77,67.98
Rabat,2026-05-06 07:38:35.813985,9.37,93.0,1013.0,0.0,scattered clouds,2.0,4.03,7.75,4.85,74.47
Agadir,2026-05-06 08:38:45.831380,17.06,76.0,1012.0,2.12,few clouds,2.0,4.04,13.73,0.74,94.42
Tanger,2026-05-06 08:38:45.831380,15.74,72.0,1013.0,3.09,broken clouds,2.0,3.01,8.84,4.19,79.06
Marrakech,2026-05-06 08:38:45.831380,12.98,71.0,1013.0,2.06,clear sky,2.0,5.52,14.86,4.19,64.19
Rabat,2026-05-06 08:38:45.831380,13.37,100.0,1013.0,0.0,scattered clouds,2.0,4.35,8.32,5.03,75.64
Agadir,2026-05-06 09:46:32.148319,19.06,69.0,1012.0,1.05,few clouds,2.0,4.53,15.19,0.64,95.3
Tanger,2026-05-06 09:46:32.148319,17.74,68.0,1013.0,3.6,broken clouds,2.0,3.19,8.9,4.31,79.2
Marrakech,2026-05-06 09:46:32.148319,16.98,63.0,1012.0,1.03,clear sky,2.0,5.67,15.39,3.4,64.06
Rabat,2026-05-06 09:46:32.148319,19.37,63.0,1013.0,0.0,scattered clouds,2.0,4.57,8.79,4.13,81.21
Agadir,2026-05-06 10:46:42.210602,22.06,65.0,1011.0,1.8,scattered clouds,2.0,5.15,17.01,0.49,97.83
Tanger,2026-05-06 10:46:42.210602,18.74,68.0,1013.0,3.6,broken clouds,2.0,3.07,8.76,2.2,99.36
Marrakech,2026-05-06 10:46:42.210602,17.98,59.0,1012.0,1.54,clear sky,2.0,4.04,11.67,0.67,70.22
Rabat,2026-05-06 10:46:42.210602,18.37,68.0,1013.0,0.0,scattered clouds,3.0,4.26,8.3,1.84,101.67
Agadir,2026-05-06 11:46:52.616157,24.06,63.0,1011.0,3.16,scattered clouds,3.0,5.91,18.88,0.37,100.37
Tanger,2026-05-06 11:46:52.616157,18.74,68.0,1012.0,4.63,broken clouds,3.0,3.18,8.69,1.61,103.4
Marrakech,2026-05-06 11:46:52.616157,18.98,55.0,1012.0,1.54,clear sky,2.0,3.47,10.26,0.39,68.21
Rabat,2026-05-06 11:46:52.616157,20.37,56.0,1013.0,3.09,scattered clouds,3.0,4.65,8.65,1.01,109.62
Agadir,2026-05-06 12:51:05.868589,24.06,60.0,1011.0,4.67,scattered clouds,3.0,6.72,20.24,0.3,103.15
Tanger,2026-05-06 12:51:05.868589,18.74,68.0,1012.0,5.14,broken clouds,3.0,3.34,8.8,1.05,106.97
Marrakech,2026-05-06 12:51:05.868589,19.98,52.0,1011.0,2.57,clear sky,2.0,3.52,10.41,0.33,68.59
Rabat,2026-05-06 12:51:05.868589,20.37,60.0,1013.0,3.6,scattered clouds,3.0,5.16,9.3,0.73,113.21
Agadir,2026-05-06 13:51:15.752692,25.06,57.0,1010.0,5.14,scattered clouds,3.0,7.0,19.55,0.25,106.14
Tanger,2026-05-06 13:51:15.752692,19.74,73.0,1012.0,4.63,scattered clouds,3.0,3.09,8.13,0.55,110.33
Marrakech,2026-05-06 13:51:15.752692,21.98,49.0,1010.0,2.57,clear sky,2.0,2.24,6.65,0.23,63.83
Rabat,2026-05-06 13:51:15.752692,20.37,60.0,1013.0,4.12,scattered clouds,3.0,4.97,8.99,0.64,114.93
Agadir,2026-05-06 14:51:25.078280,25.14,52.0,1009.0,5.94,broken clouds,3.0,5.45,14.38,0.22,108.69
Tanger,2026-05-06 14:51:25.078280,19.74,68.0,1012.0,4.63,scattered clouds,3.0,2.58,6.59,0.56,108.39
Marrakech,2026-05-06 14:51:25.078280,22.98,46.0,1009.0,2.57,scattered clouds,2.0,1.83,5.87,0.25,64.59
Rabat,2026-05-06 14:51:25.078280,21.37,60.0,1012.0,3.6,scattered clouds,3.0,3.87,7.37,0.59,113.95
Agadir,2026-05-06 15:51:34.695127,26.06,50.0,1008.0,6.35,broken clouds,3.0,4.35,11.43,0.21,109.31
Tanger,2026-05-06 15:51:34.695127,19.74,60.0,1011.0,4.63,scattered clouds,3.0,2.52,6.25,0.57,108.98
Marrakech,2026-05-06 15:51:34.695127,24.98,44.0,1008.0,4.12,scattered clouds,2.0,1.77,5.46,0.26,67.04
Rabat,2026-05-06 15:51:34.695127,20.37,64.0,1011.0,3.6,scattered clouds,3.0,3.58,6.86,0.61,113.02
Agadir,2026-05-06 16:51:43.926216,26.06,50.0,1008.0,7.05,overcast clouds,3.0,3.18,8.76,0.22,110.22
Tanger,2026-05-06 16:51:43.926216,18.74,68.0,1010.0,5.66,clear sky,3.0,2.51,5.96,0.61,110.31
Marrakech,2026-05-06 16:51:43.926216,23.98,43.0,1008.0,1.54,scattered clouds,2.0,1.78,5.27,0.31,70.43
Rabat,2026-05-06 16:51:43.926216,20.37,64.0,1011.0,4.12,scattered clouds,3.0,3.32,6.45,0.82,111.95
Agadir,2026-05-06 17:51:53.809819,25.06,51.0,1008.0,8.97,overcast clouds,3.0,2.39,7.21,0.24,111.43
Tanger,2026-05-06 17:51:53.809819,18.74,72.0,1010.0,5.66,clear sky,3.0,2.49,5.72,0.72,111.46
Marrakech,2026-05-06 17:51:53.809819,23.98,41.0,1008.0,1.54,broken clouds,2.0,1.86,5.34,0.38,73.42
Rabat,2026-05-06 17:51:53.809819,20.37,64.0,1011.0,3.6,scattered clouds,3.0,3.04,6.09,1.18,109.87
Agadir,2026-05-06 18:54:32.650037,23.06,53.0,1008.0,7.69,broken clouds,3.0,1.95,6.51,0.26,112.18
Tanger,2026-05-06 18:54:32.650037,18.74,68.0,1010.0,5.14,clear sky,3.0,2.4,5.45,0.83,111.91
Marrakech,2026-05-06 18:54:32.650037,22.98,43.0,1008.0,2.06,broken clouds,2.0,1.84,5.27,0.43,76.87
Rabat,2026-05-06 18:54:32.650037,18.37,72.0,1011.0,3.6,scattered clouds,3.0,2.68,5.66,1.58,107.18
Agadir,2026-05-06 19:54:43.776137,21.06,56.0,1008.0,6.85,scattered clouds,3.0,1.61,5.87,0.28,112.69
Tanger,2026-05-06 19:54:43.776137,17.74,68.0,1010.0,4.12,clear sky,3.0,2.32,5.27,1.04,111.11
Marrakech,2026-05-06 19:54:43.776137,22.98,43.0,1008.0,2.06,broken clouds,2.0,2.0,5.82,0.76,78.75
Rabat,2026-05-06 19:54:43.776137,18.37,77.0,1011.0,3.09,scattered clouds,3.0,2.36,5.13,2.15,102.76
Agadir,2026-05-06 20:54:53.095695,19.06,61.0,1009.0,4.73,few clouds,3.0,1.41,5.5,0.27,112.99
Tanger,2026-05-06 20:54:53.095695,15.74,77.0,1011.0,2.57,clear sky,3.0,2.23,5.15,1.14,109.77
Marrakech,2026-05-06 20:54:53.095695,20.98,49.0,1009.0,5.14,broken clouds,2.0,2.35,7.12,1.15,81.11
Rabat,2026-05-06 20:54:53.095695,17.37,82.0,1012.0,2.06,scattered clouds,2.0,2.24,4.79,2.49,99.26
Agadir,2026-05-06 21:55:03.660763,17.06,66.0,1010.0,2.41,clear sky,3.0,1.34,5.42,0.24,113.29
Tanger,2026-05-06 21:55:03.660763,15.74,77.0,1011.0,1.54,clear sky,3.0,2.15,5.16,1.14,109.28
Marrakech,2026-05-06 21:55:03.660763,18.98,55.0,1010.0,4.63,broken clouds,2.0,2.54,8.11,1.38,83.78
Rabat,2026-05-06 21:55:03.660763,17.37,82.0,1012.0,1.54,broken clouds,2.0,2.22,4.59,2.49,97.52
Agadir,2026-05-06 23:00:47.827967,16.06,72.0,1011.0,2.68,clear sky,3.0,1.33,5.48,0.23,113.1
Tanger,2026-05-06 23:00:47.827967,15.74,77.0,1011.0,1.54,clear sky,3.0,2.16,5.46,1.22,108.46
Marrakech,2026-05-06 23:00:47.827967,16.98,67.0,1011.0,3.6,broken clouds,2.0,2.6,8.75,1.51,84.67
Rabat,2026-05-06 23:00:47.827967,16.37,88.0,1012.0,2.06,broken clouds,2.0,2.21,4.36,2.44,95.65
Agadir,2026-05-07 00:00:57.727766,16.06,72.0,1011.0,3.11,clear sky,3.0,1.33,5.49,0.22,113.14
Tanger,2026-05-07 00:00:57.727766,15.77,77.0,1011.0,1.54,clear sky,3.0,2.26,6.02,1.29,107.56
Marrakech,2026-05-07 00:00:57.727766,16.98,67.0,1012.0,3.6,broken clouds,2.0,2.7,9.44,1.55,86.55
Rabat,2026-05-07 00:00:57.727766,16.37,82.0,1012.0,0.0,scattered clouds,2.0,2.23,4.3,2.37,94.93
Agadir,2026-05-07 01:01:08.265945,16.06,74.0,1011.0,2.38,clear sky,3.0,1.32,5.41,0.21,112.95
Tanger,2026-05-07 01:01:08.265945,14.74,82.0,1011.0,0.51,clear sky,3.0,2.38,6.7,1.17,107.21
Marrakech,2026-05-07 01:01:08.265945,15.98,72.0,1012.0,3.6,broken clouds,2.0,2.76,9.94,1.43,88.0
Rabat,2026-05-07 01:01:08.265945,12.37,87.0,1012.0,0.0,scattered clouds,2.0,2.32,4.52,2.19,94.74
Agadir,2026-05-07 02:01:18.694766,16.06,77.0,1010.0,2.41,clear sky,3.0,1.27,5.12,0.2,112.49
Tanger,2026-05-07 02:01:18.694766,13.74,82.0,1010.0,1.03,clear sky,3.0,2.43,7.15,0.99,106.61
Marrakech,2026-05-07 02:01:18.694766,15.98,72.0,1011.0,2.06,broken clouds,2.0,2.76,10.24,1.24,87.32
Rabat,2026-05-07 02:01:18.694766,10.37,100.0,1011.0,1.54,scattered clouds,2.0,2.44,5.05,1.96,94.42
Agadir,2026-05-07 03:01:28.539344,16.06,80.0,1010.0,3.09,clear sky,3.0,1.21,4.77,0.19,112.01
Tanger,2026-05-07 03:01:28.539344,13.74,82.0,1010.0,0.51,clear sky,3.0,2.4,7.29,0.86,105.77
Marrakech,2026-05-07 03:01:28.539344,14.98,77.0,1011.0,1.54,broken clouds,2.0,2.77,10.54,1.03,86.59
Rabat,2026-05-07 03:01:28.539344,11.37,100.0,1011.0,0.0,scattered clouds,2.0,2.6,5.72,1.77,94.74
Agadir,2026-05-07 04:01:38.543915,16.06,80.0,1010.0,2.4,clear sky,3.0,1.14,4.41,0.19,111.29
Tanger,2026-05-07 04:01:38.543915,14.74,82.0,1010.0,2.06,clear sky,3.0,2.38,7.41,0.79,104.54
Marrakech,2026-05-07 04:01:38.543915,15.02,77.0,1011.0,1.54,broken clouds,2.0,2.76,10.77,0.8,86.97
Rabat,2026-05-07 04:01:38.543915,10.37,100.0,1011.0,0.0,broken clouds,2.0,2.74,6.26,1.65,95.36
Agadir,2026-05-07 05:01:48.719540,15.06,81.0,1010.0,3.02,clear sky,3.0,1.03,3.92,0.19,110.83
Tanger,2026-05-07 05:01:48.719540,14.74,82.0,1010.0,1.54,clear sky,3.0,2.35,7.38,0.79,103.18
Marrakech,2026-05-07 05:01:48.719540,13.98,82.0,1011.0,0.51,mist,2.0,2.69,10.77,0.53,90.02
Rabat,2026-05-07 05:01:48.719540,14.37,94.0,1011.0,0.0,broken clouds,2.0,2.85,6.55,1.61,95.54
Agadir,2026-05-07 06:01:58.759150,15.06,83.0,1010.0,2.65,clear sky,3.0,0.93,3.44,0.19,110.39
Tanger,2026-05-07 06:01:58.759150,14.74,82.0,1010.0,2.06,clear sky,3.0,2.28,7.08,0.89,101.52
Marrakech,2026-05-07 06:01:58.759150,13.98,82.0,1011.0,2.06,mist,2.0,2.65,10.67,0.46,90.89
Rabat,2026-05-07 06:01:58.759150,16.37,82.0,1011.0,2.57,light rain,2.0,2.89,6.65,1.7,95.21
Agadir,2026-05-07 07:02:08.632636,14.06,84.0,1011.0,2.88,clear sky,3.0,0.85,3.08,0.22,109.95
Tanger,2026-05-07 07:02:08.632636,13.74,82.0,1011.0,2.57,few clouds,2.0,2.22,6.73,1.42,99.39
Marrakech,2026-05-07 07:02:08.632636,13.98,82.0,1011.0,2.06,light rain,2.0,2.65,10.64,0.53,90.86
Rabat,2026-05-07 07:02:08.632636,16.37,72.0,1012.0,2.06,light rain,2.0,2.95,6.78,2.31,94.2
Agadir,2026-05-07 08:02:18.463927,13.06,81.0,1012.0,2.47,few clouds,3.0,0.83,2.93,0.3,109.71
Tanger,2026-05-07 08:02:18.463927,14.74,77.0,1012.0,3.09,few clouds,2.0,2.21,6.44,2.49,96.75
Marrakech,2026-05-07 08:02:18.463927,12.98,88.0,1012.0,1.54,drizzle,2.0,2.61,10.29,0.72,90.2
Rabat,2026-05-07 08:02:18.463927,16.37,72.0,1013.0,0.0,light rain,2.0,3.03,6.93,3.6,92.32
Agadir,2026-05-07 09:02:28.302651,16.06,76.0,1012.0,1.38,scattered clouds,3.0,0.84,2.87,0.32,109.45
Tanger,2026-05-07 09:02:28.302651,16.74,72.0,1012.0,4.12,scattered clouds,2.0,2.15,6.09,2.73,96.71
Marrakech,2026-05-07 09:02:28.302651,13.98,88.0,1012.0,2.06,broken clouds,2.0,2.56,9.87,0.79,89.58
Rabat,2026-05-07 09:02:28.302651,18.37,63.0,1013.0,2.06,few clouds,2.0,3.06,6.96,4.14,92.06
Agadir,2026-05-07 10:02:38.363304,19.06,70.0,1012.0,1.61,scattered clouds,3.0,0.9,2.93,0.29,109.42
Tanger,2026-05-07 10:02:38.363304,17.74,68.0,1012.0,4.12,scattered clouds,3.0,2.02,5.68,2.05,100.5
Marrakech,2026-05-07 10:02:38.363304,14.98,82.0,1012.0,1.54,broken clouds,2.0,2.51,9.37,0.7,90.09
Rabat,2026-05-07 10:02:38.363304,19.37,59.0,1013.0,2.06,scattered clouds,2.0,3.09,6.87,3.6,94.78
Agadir,2026-05-07 11:02:48.133130,20.06,66.0,1012.0,1.63,scattered clouds,3.0,1.04,3.25,0.24,109.62
Tanger,2026-05-07 11:02:48.133130,18.77,55.0,1012.0,4.63,scattered clouds,3.0,1.68,5.04,0.63,110.73
Marrakech,2026-05-07 11:02:48.133130,15.98,72.0,1013.0,2.06,broken clouds,2.0,2.25,8.34,0.47,92.98
Rabat,2026-05-07 11:02:48.133130,19.37,55.0,1013.0,2.06,scattered clouds,3.0,3.22,6.85,2.67,100.81
Agadir,2026-05-07 12:02:58.159024,22.06,62.0,1011.0,2.61,scattered clouds,3.0,1.25,3.75,0.2,109.13
Tanger,2026-05-07 12:02:58.159024,19.77,56.0,1012.0,4.12,scattered clouds,3.0,1.63,4.89,0.48,112.12
Marrakech,2026-05-07 12:02:58.159024,16.98,67.0,1012.0,2.06,broken clouds,2.0,2.05,7.48,0.31,94.67
Rabat,2026-05-07 12:02:58.159024,20.37,52.0,1013.0,2.57,scattered clouds,3.0,3.51,7.12,2.02,105.04
Agadir,2026-05-07 13:03:07.986812,23.06,59.0,1011.0,4.84,scattered clouds,3.0,1.44,4.17,0.17,108.64
Tanger,2026-05-07 13:03:07.986812,19.74,60.0,1012.0,6.17,scattered clouds,3.0,1.65,4.88,0.42,113.27
Marrakech,2026-05-07 13:03:07.986812,17.98,63.0,1011.0,1.54,broken clouds,2.0,2.01,7.16,0.23,95.97
Rabat,2026-05-07 13:03:07.986812,20.37,52.0,1013.0,3.09,scattered clouds,3.0,3.84,7.4,1.44,109.46
Agadir,2026-05-07 14:03:18.586285,24.06,58.0,1011.0,6.05,few clouds,3.0,1.55,4.29,0.16,108.37
Tanger,2026-05-07 14:03:18.586285,19.74,60.0,1012.0,4.63,scattered clouds,3.0,1.66,4.86,0.39,114.44
Marrakech,2026-05-07 14:03:18.586285,18.98,59.0,1010.0,1.54,broken clouds,2.0,2.09,7.19,0.21,99.1
Rabat,2026-05-07 14:03:18.586285,20.37,56.0,1012.0,3.6,scattered clouds,3.0,3.7,6.92,0.84,114.95
Agadir,2026-05-07 15:03:29.095868,24.06,56.0,1010.0,7.52,few clouds,3.0,1.6,4.67,0.16,109.47
Tanger,2026-05-07 15:03:29.095868,19.74,60.0,1011.0,5.14,scattered clouds,3.0,1.44,3.99,0.36,114.76
Marrakech,2026-05-07 15:03:29.095868,21.98,53.0,1009.0,1.54,broken clouds,3.0,2.01,6.29,0.22,101.21
Rabat,2026-05-07 15:03:29.095868,20.37,49.0,1012.0,3.09,scattered clouds,3.0,2.93,5.33,0.63,114.22
Agadir,2026-05-07 16:03:41.269055,23.06,54.0,1010.0,9.3,few clouds,3.0,1.51,4.4,0.16,108.94
Tanger,2026-05-07 16:03:41.269055,19.74,60.0,1011.0,5.66,scattered clouds,3.0,1.44,3.98,0.4,115.08
Marrakech,2026-05-07 16:03:41.269055,21.98,49.0,1008.0,2.57,broken clouds,3.0,2.31,7.14,0.24,102.78
Rabat,2026-05-07 16:03:41.269055,20.37,49.0,1011.0,3.09,scattered clouds,3.0,3.19,5.61,0.7,114.22
Agadir,2026-05-07 17:03:51.193971,23.06,55.0,1009.0,8.22,few clouds,3.0,1.38,4.08,0.18,108.46
Tanger,2026-05-07 17:03:51.193971,18.74,63.0,1010.0,4.63,scattered clouds,3.0,1.43,3.98,0.52,115.45
Marrakech,2026-05-07 17:03:51.193971,23.98,43.0,1008.0,1.54,broken clouds,3.0,2.88,8.77,0.32,105.64
Rabat,2026-05-07 17:03:51.193971,19.37,52.0,1011.0,4.12,scattered clouds,3.0,3.44,5.98,0.92,114.91
Agadir,2026-05-07 18:04:03.944188,23.06,56.0,1009.0,8.08,scattered clouds,3.0,1.25,3.78,0.22,107.56
Tanger,2026-05-07 18:04:03.944188,18.74,59.0,1011.0,5.14,scattered clouds,3.0,1.4,3.95,0.67,115.32
Marrakech,2026-05-07 18:04:03.944188,23.98,43.0,1008.0,1.03,broken clouds,3.0,3.46,10.39,0.43,107.0
Rabat,2026-05-07 18:04:03.944188,19.37,59.0,1011.0,4.12,scattered clouds,3.0,3.57,6.33,1.38,114.23
Agadir,2026-05-07 19:04:13.679845,22.06,61.0,1009.0,7.93,few clouds,3.0,1.14,3.56,0.25,106.41
Tanger,2026-05-07 19:04:13.679845,18.77,59.0,1011.0,4.63,clear sky,3.0,1.35,3.83,0.77,114.65
Marrakech,2026-05-07 19:04:13.679845,22.97,40.0,1008.0,1.54,broken clouds,3.0,3.6,10.76,0.56,107.35
Rabat,2026-05-07 19:04:13.679845,18.37,63.0,1011.0,3.09,scattered clouds,3.0,3.25,6.13,1.93,112.07
Agadir,2026-05-07 20:04:23.762468,20.06,62.0,1010.0,7.37,broken clouds,3.0,1.06,3.4,0.27,105.55
Tanger,2026-05-07 20:04:23.762468,16.74,67.0,1011.0,3.09,clear sky,3.0,1.29,3.67,0.93,112.99
Marrakech,2026-05-07 20:04:23.762468,21.98,43.0,1009.0,2.57,broken clouds,3.0,3.44,10.39,0.79,105.33
Rabat,2026-05-07 20:04:23.762468,17.37,67.0,1012.0,3.6,scattered clouds,3.0,2.71,5.57,2.49,107.24
Agadir,2026-05-07 21:04:33.871779,18.06,67.0,1011.0,7.26,broken clouds,3.0,1.01,3.34,0.26,105.2
Tanger,2026-05-07 21:04:33.871779,16.74,67.0,1012.0,2.57,broken clouds,3.0,1.27,3.59,1.07,110.9
Marrakech,2026-05-07 21:04:33.871779,21.0,52.0,1010.0,2.57,broken clouds,3.0,3.35,10.41,0.96,103.6
Rabat,2026-05-07 21:04:33.871779,17.37,67.0,1012.0,2.57,scattered clouds,3.0,2.34,5.2,2.83,103.16
Agadir,2026-05-07 22:04:43.905606,17.06,69.0,1012.0,5.28,scattered clouds,3.0,1.0,3.36,0.24,105.54
Tanger,2026-05-07 22:04:43.905606,16.74,67.0,1013.0,2.06,broken clouds,3.0,1.26,3.56,1.13,109.28
Marrakech,2026-05-07 22:04:43.905606,18.98,48.0,1012.0,4.63,broken clouds,3.0,3.22,10.3,1.01,102.36
Rabat,2026-05-07 22:04:43.905606,16.37,72.0,1013.0,2.06,scattered clouds,3.0,2.12,5.04,2.92,100.1
Agadir,2026-05-07 23:04:53.974509,17.06,70.0,1011.0,2.82,broken clouds,3.0,1.0,3.4,0.22,105.86
Tanger,2026-05-07 23:04:53.974509,16.74,63.0,1013.0,1.54,broken clouds,3.0,1.29,3.64,1.42,105.91
Marrakech,2026-05-07 23:04:53.974509,17.98,52.0,1013.0,4.12,broken clouds,2.0,3.03,9.91,1.06,99.11
Rabat,2026-05-07 23:04:53.974509,15.37,77.0,1013.0,1.54,scattered clouds,2.0,2.04,5.04,2.99,96.72
Agadir,2026-05-08 02:05:39.745526,16.06,80.0,1012.0,3.25,overcast clouds,3.0,1.06,3.84,0.18,106.69
Tanger,2026-05-08 02:05:39.745526,14.77,77.0,1011.0,1.54,broken clouds,2.0,1.42,3.87,1.74,94.86
Marrakech,2026-05-08 02:05:39.745526,14.98,58.0,1012.0,2.06,broken clouds,2.0,2.92,9.54,0.99,93.32
Rabat,2026-05-08 02:05:39.745526,12.37,100.0,1012.0,0.0,scattered clouds,2.0,2.34,5.65,2.66,89.35
Agadir,2026-05-08 03:05:49.360948,15.06,81.0,1012.0,2.47,overcast clouds,3.0,1.06,3.86,0.18,107.15
Tanger,2026-05-08 03:05:49.360948,14.74,77.0,1011.0,1.03,broken clouds,2.0,1.48,3.98,1.58,91.83
Marrakech,2026-05-08 03:05:49.360948,13.98,67.0,1011.0,2.57,broken clouds,2.0,2.99,9.68,0.99,88.58
Rabat,2026-05-08 03:05:49.360948,12.37,100.0,1011.0,0.0,scattered clouds,2.0,2.51,6.06,2.61,82.98
Agadir,2026-05-08 04:05:59.024962,15.06,79.0,1011.0,2.54,broken clouds,3.0,1.05,3.84,0.17,107.62
Tanger,2026-05-08 04:05:59.024962,14.74,77.0,1011.0,2.06,clear sky,2.0,1.57,4.15,1.47,89.19
Marrakech,2026-05-08 04:05:59.024962,11.98,76.0,1011.0,2.06,broken clouds,2.0,3.06,9.85,1.0,84.96
Rabat,2026-05-08 04:05:59.024962,14.37,88.0,1011.0,1.54,clear sky,2.0,2.65,6.48,2.5,77.52
Agadir,2026-05-08 05:06:08.832753,14.06,77.0,1011.0,2.9,broken clouds,3.0,1.02,3.72,0.17,108.1
Tanger,2026-05-08 05:06:08.832753,14.74,77.0,1011.0,0.51,clear sky,2.0,1.67,4.38,1.42,90.25
Marrakech,2026-05-08 05:06:08.832753,10.98,82.0,1011.0,1.54,scattered clouds,2.0,3.15,10.02,1.08,81.97
Rabat,2026-05-08 05:06:08.832753,10.37,93.0,1011.0,0.0,scattered clouds,2.0,2.77,6.85,2.55,71.13
Agadir,2026-05-08 06:06:18.421904,15.06,78.0,1011.0,3.0,broken clouds,3.0,0.98,3.55,0.17,108.36
Tanger,2026-05-08 06:06:18.421904,13.77,82.0,1011.0,2.06,clear sky,2.0,1.81,4.68,1.61,91.42
Marrakech,2026-05-08 06:06:18.421904,9.98,81.0,1011.0,2.06,scattered clouds,2.0,3.35,10.31,1.29,79.03
Rabat,2026-05-08 06:06:18.421904,10.37,93.0,1011.0,0.0,scattered clouds,2.0,2.91,7.25,2.92,63.2
Agadir,2026-05-08 07:06:27.986748,15.06,78.0,1012.0,2.75,broken clouds,3.0,0.94,3.35,0.19,108.38
Tanger,2026-05-08 07:06:27.986748,13.74,82.0,1012.0,1.03,clear sky,2.0,2.02,5.1,2.4,91.81
Marrakech,2026-05-08 07:06:27.986748,11.98,76.0,1011.0,2.57,scattered clouds,2.0,3.51,10.6,2.01,75.54
Rabat,2026-05-08 07:06:27.986748,8.37,100.0,1011.0,0.0,scattered clouds,1.0,3.13,7.86,4.36,54.98
Agadir,2026-05-08 08:06:37.610205,15.06,77.0,1012.0,1.73,broken clouds,3.0,0.88,3.17,0.27,108.6
Tanger,2026-05-08 08:06:37.610205,14.77,82.0,1012.0,1.54,clear sky,2.0,2.29,5.59,3.74,91.33
Marrakech,2026-05-08 08:06:37.610205,12.98,76.0,1012.0,2.06,few clouds,2.0,3.57,10.59,3.25,71.2
Rabat,2026-05-08 08:06:37.610205,11.37,100.0,1012.0,0.0,scattered clouds,1.0,3.4,8.56,6.51,46.84
Agadir,2026-05-08 09:06:47.207574,16.06,74.0,1012.0,2.35,broken clouds,3.0,0.82,2.95,0.29,109.49
Tanger,2026-05-08 09:06:47.207574,17.74,68.0,1012.0,2.57,scattered clouds,2.0,2.55,6.05,4.13,92.48
Marrakech,2026-05-08 09:06:47.207574,14.98,67.0,1012.0,1.54,few clouds,2.0,3.57,10.34,3.4,69.17
Rabat,2026-05-08 09:06:47.207574,15.37,100.0,1012.0,0.0,scattered clouds,1.0,3.68,9.36,6.45,43.7
Agadir,2026-05-08 10:06:56.804526,17.06,72.0,1013.0,1.84,broken clouds,3.0,0.77,2.72,0.25,109.91
Tanger,2026-05-08 10:06:56.804526,17.74,68.0,1012.0,2.06,scattered clouds,2.0,2.83,6.45,3.8,95.34
Marrakech,2026-05-08 10:06:56.804526,16.98,63.0,1011.0,1.03,clear sky,2.0,3.69,10.46,2.68,73.7
Rabat,2026-05-08 10:06:56.804526,19.37,63.0,1012.0,0.0,scattered clouds,1.0,4.02,10.41,5.77,46.21
Agadir,2026-05-08 11:07:06.712456,20.06,68.0,1013.0,1.09,broken clouds,3.0,0.74,2.57,0.2,110.56
Tanger,2026-05-08 11:07:06.712456,19.74,56.0,1012.0,2.06,scattered clouds,3.0,2.4,5.48,1.08,111.63
Marrakech,2026-05-08 11:07:06.712456,18.98,55.0,1011.0,1.54,clear sky,3.0,2.37,7.45,0.52,111.87
Rabat,2026-05-08 11:07:06.712456,20.37,52.0,1012.0,2.06,scattered clouds,3.0,4.52,10.64,1.43,102.08
Agadir,2026-05-08 12:07:16.499913,20.06,66.0,1013.0,2.22,broken clouds,3.0,0.73,2.5,0.15,110.26
Tanger,2026-05-08 12:07:16.499913,20.74,56.0,1011.0,2.57,scattered clouds,3.0,2.59,5.55,0.65,114.84
Marrakech,2026-05-08 12:07:16.499913,20.98,49.0,1011.0,2.06,clear sky,3.0,2.07,6.31,0.29,115.94
Rabat,2026-05-08 12:07:16.499913,21.37,52.0,1011.0,4.12,scattered clouds,3.0,4.93,10.42,0.77,110.0
Agadir,2026-05-08 13:07:26.168217,22.06,66.0,1013.0,4.1,broken clouds,3.0,0.72,2.46,0.13,109.72
Tanger,2026-05-08 13:07:26.168217,21.74,49.0,1011.0,2.06,scattered clouds,3.0,2.88,5.84,0.47,116.64
Marrakech,2026-05-08 13:07:26.168217,21.98,43.0,1010.0,3.6,clear sky,3.0,2.11,6.27,0.24,114.98
Rabat,2026-05-08 13:07:26.168217,21.37,52.0,1011.0,4.63,scattered clouds,3.0,5.75,11.37,0.64,112.39
Agadir,2026-05-08 14:42:27.675999,23.06,66.0,1012.0,4.83,overcast clouds,3.0,0.81,2.81,0.13,107.01
Tanger,2026-05-08 14:42:27.675999,22.77,53.0,1010.0,5.66,scattered clouds,3.0,2.96,5.88,0.55,118.92
Marrakech,2026-05-08 14:42:27.675999,22.98,38.0,1009.0,4.12,clear sky,3.0,2.04,5.97,0.27,116.47
Rabat,2026-05-08 14:42:27.675999,21.37,60.0,1010.0,4.63,scattered clouds,3.0,6.9,12.6,0.58,118.04
Agadir,2026-05-08 15:42:37.513449,22.06,65.0,1012.0,5.43,overcast clouds,3.0,0.82,2.79,0.13,106.27
Tanger,2026-05-08 15:42:37.513449,22.74,53.0,1009.0,7.2,broken clouds,3.0,2.62,5.45,0.55,117.73
Marrakech,2026-05-08 15:42:37.513449,23.98,35.0,1008.0,3.6,clear sky,3.0,2.26,6.57,0.3,116.08
Rabat,2026-05-08 15:42:37.513449,20.37,56.0,1009.0,3.6,broken clouds,3.0,6.96,12.52,0.67,117.84
