city,timestamp,temperature,humidity,pressure,wind_speed,clouds,visibility,weather_main,weather_desc,aqi,pm2_5,pm10,co,no2,o3,so2,nh3
Casablanca,2026-04-30 20:20:56,18.07,72,1019,3.09,47,10000,Clouds,scattered clouds,2,3.78,9.1,108.21,2.56,89.57,5.65,0.4
Tanger,2026-04-30 20:20:59,16.64,77,1018,2.06,0,10000,Clear,clear sky,2,2.7,5.34,109.72,3.31,88.6,4.27,0.69
Karia Ba Mohamed,2026-04-30 20:21:00,18.38,66,1017,4.31,83,10000,Clouds,broken clouds,2,2.56,4.38,102.05,1.7,67.78,0.75,0.96
Fes,2026-04-30 20:21:03,17.14,88,1018,3.6,75,10000,Clouds,broken clouds,1,2.29,3.52,100.84,1.96,53.56,0.38,1.01
Casablanca,2026-04-30 20:23:57,18.07,72,1019,3.09,47,10000,Clouds,scattered clouds,2,3.78,9.1,108.21,2.56,89.57,5.65,0.4
Tanger,2026-04-30 20:24:00,16.64,77,1018,2.06,0,10000,Clear,clear sky,2,2.7,5.34,109.72,3.31,88.6,4.27,0.69
Karia Ba Mohamed,2026-04-30 20:24:03,18.38,66,1017,4.31,83,10000,Clouds,broken clouds,2,2.56,4.38,102.05,1.7,67.78,0.75,0.96
Fes,2026-04-30 20:24:04,17.14,88,1018,3.6,75,10000,Clouds,broken clouds,1,2.29,3.52,100.84,1.96,53.56,0.38,1.01
Casablanca,2026-04-30 22:02:48,18.07,72,1019,2.57,42,10000,Clouds,scattered clouds,2,3.86,10.17,109.52,2.5,87.5,4.58,0.59
Tanger,2026-04-30 22:02:49,15.64,82,1019,1.54,15,7000,Clouds,few clouds,2,2.77,5.65,110.25,3.5,83.6,3.97,0.69
Karia Ba Mohamed,2026-04-30 22:02:51,17.2,67,1019,2.57,84,10000,Clouds,broken clouds,2,2.62,4.64,101.39,1.93,63.89,0.64,0.99
Fes,2026-04-30 22:02:52,17.14,82,1019,3.09,75,10000,Clouds,broken clouds,1,2.36,3.63,99.86,2.25,48.49,0.35,1.06
Casablanca,2026-04-30 23:06:23,17.02,77,1019,1.54,41,10000,Clouds,scattered clouds,2,3.98,10.67,110.91,2.5,85.69,3.69,0.63
Tanger,2026-04-30 23:06:24,13.64,82,1019,0.51,13,7000,Clouds,few clouds,2,2.96,6.03,110.92,3.67,79.88,3.57,0.74
Karia Ba Mohamed,2026-04-30 23:06:26,15.76,72,1019,2.44,73,10000,Clouds,broken clouds,1,2.66,4.71,101.24,2.18,56.82,0.43,0.95
Fes,2026-04-30 23:06:27,16.14,82,1019,1.03,75,10000,Clouds,broken clouds,1,2.39,3.66,99.69,2.28,44.67,0.26,0.87
Casablanca,2026-04-30 23:55:41,17.02,77,1019,1.54,35,10000,Clouds,scattered clouds,2,4.06,11.08,112.03,2.41,83.65,3.08,0.6
Tanger,2026-04-30 23:55:50,13.64,82,1019,1.03,27,7000,Clouds,scattered clouds,2,3.19,6.49,111.07,3.55,77.28,3.31,0.76
Karia Ba Mohamed,2026-04-30 23:55:59,14.37,78,1019,1.61,79,10000,Clouds,broken clouds,1,2.68,4.69,100.91,2.24,50.09,0.3,0.89
Fes,2026-04-30 23:56:05,16.14,82,1019,3.09,75,10000,Clouds,broken clouds,1,2.4,3.6,99.44,2.13,41.85,0.18,0.7
Casablanca,2026-05-01 00:56:10,17.02,77,1019,1.03,13,10000,Clouds,few clouds,2,4.14,11.39,111.73,2.23,80.84,2.63,0.44
Tanger,2026-05-01 00:56:13,13.64,82,1019,0.51,100,7000,Clouds,overcast clouds,2,3.42,6.93,110.56,3.27,74.71,2.97,0.57
Karia Ba Mohamed,2026-05-01 00:56:16,13.56,81,1019,1.39,38,10000,Clouds,scattered clouds,1,2.68,4.59,99.96,2.18,43.2,0.22,0.85
Fes,2026-05-01 00:56:41,13.14,94,1019,0.51,40,10000,Clouds,scattered clouds,1,2.39,3.48,98.93,1.87,39.78,0.13,0.63
Casablanca,2026-05-01 11:49:06,20.74,56,1019,3.09,0,10000,Clear,clear sky,3,9.55,20.44,104.79,0.74,103.23,4.71,0
Tanger,2026-05-01 11:49:09,19.64,64,1019,3.09,75,10000,Clouds,broken clouds,3,9.26,13.75,105.58,1.21,104.18,5.57,0.04
Karia Ba Mohamed,2026-05-01 11:49:11,25.24,48,1017,1.48,13,10000,Clouds,few clouds,2,3.77,5.74,99.48,0.37,87.51,0.55,0.33
Fes,2026-05-01 11:49:13,23.14,60,1017,2.57,40,10000,Clouds,scattered clouds,2,2.83,3.72,96.3,0.26,84.51,0.17,0.37
Casablanca,2026-05-01 12:49:15,20.74,56,1019,3.6,0,10000,Clear,clear sky,3,8.64,17.01,105.81,0.56,105.36,4.12,0
Tanger,2026-05-01 12:49:16,19.64,64,1019,3.09,75,10000,Clouds,broken clouds,3,8.19,12.06,105.29,0.79,107.99,4.94,0.02
Karia Ba Mohamed,2026-05-01 12:49:18,26.32,44,1017,2.13,13,10000,Clouds,few clouds,2,3.94,5.95,100.46,0.33,90.78,0.54,0.29
Fes,2026-05-01 12:49:19,24.14,56,1016,2.06,40,10000,Clouds,scattered clouds,2,3.03,4.01,97.17,0.24,88.02,0.18,0.32
Casablanca,2026-05-01 13:49:21,20.18,64,1018,3.6,0,10000,Clear,clear sky,3,7.99,14.05,104.16,0.62,109.66,5.76,0
Tanger,2026-05-01 13:49:22,20.64,60,1018,3.6,75,10000,Clouds,broken clouds,3,7.84,11.58,104.42,0.72,111.48,5.11,0
Karia Ba Mohamed,2026-05-01 13:49:24,27.33,42,1016,2.63,13,10000,Clouds,few clouds,2,3.74,5.69,99.52,0.31,92.68,0.52,0.25
Fes,2026-05-01 13:49:25,26.14,50,1016,2.06,40,10000,Clouds,scattered clouds,2,2.8,3.85,96.17,0.25,90.83,0.21,0.27
Casablanca,2026-05-01 14:49:27,20.18,64,1018,4.12,0,10000,Clear,clear sky,3,8.23,14.07,102.77,0.73,111.71,6.44,0
Tanger,2026-05-01 14:49:28,20.64,60,1018,5.14,75,10000,Clouds,broken clouds,3,7.25,10.87,103.59,0.83,111.7,4.98,0
Karia Ba Mohamed,2026-05-01 14:49:30,27.74,39,1015,3.38,25,10000,Clouds,scattered clouds,2,3.85,5.89,98.74,0.33,93.51,0.56,0.24
Fes,2026-05-01 14:49:31,26.14,50,1015,3.6,40,10000,Clouds,scattered clouds,2,2.94,4.11,95.41,0.26,91.77,0.26,0.26
Casablanca,2026-05-01 15:49:33,20.18,64,1018,4.12,0,10000,Clear,clear sky,3,8.14,13.88,103.41,0.97,114.06,7.28,0
Tanger,2026-05-01 15:49:34,20.64,60,1018,5.66,75,10000,Clouds,broken clouds,3,6.67,10.26,103.87,1.1,112.21,5.02,0
Karia Ba Mohamed,2026-05-01 15:49:36,27.38,40,1015,3.64,43,10000,Clouds,scattered clouds,2,3.9,6.11,98.89,0.38,95.52,0.62,0.24
Fes,2026-05-01 15:49:37,26.14,47,1014,2.57,40,10000,Clouds,scattered clouds,2,3.17,4.55,95.73,0.32,93.33,0.34,0.26
Casablanca,2026-05-01 16:49:39,20.19,64,1018,4.12,0,10000,Clear,clear sky,3,7.66,13.5,104.53,1.27,113.84,7.89,0
Tanger,2026-05-01 16:49:40,20.64,64,1018,4.63,75,10000,Clouds,broken clouds,3,6.04,9.68,104.77,1.59,111.53,5.07,0
Karia Ba Mohamed,2026-05-01 16:49:42,26.78,42,1015,4.3,54,10000,Clouds,broken clouds,2,3.92,6.31,99,0.5,96.7,0.71,0.24
Fes,2026-05-01 16:49:43,26.14,47,1015,2.06,40,10000,Clouds,scattered clouds,2,3.55,5.21,96.19,0.46,94.04,0.44,0.29
Casablanca,2026-05-01 17:49:45,19.13,68,1018,4.12,0,10000,Clear,clear sky,3,6.75,12.61,106.45,1.67,111.81,7.75,0
Tanger,2026-05-01 17:49:47,19.64,68,1018,3.6,0,10000,Clear,clear sky,3,5.08,8.65,105.84,2.14,107.52,4.91,0
Karia Ba Mohamed,2026-05-01 17:49:48,24.84,50,1015,5.41,62,10000,Clouds,broken clouds,2,3.92,6.5,99.53,0.66,96.78,0.81,0.26
Fes,2026-05-01 17:49:50,25.14,53,1015,4.12,40,10000,Clouds,scattered clouds,2,3.95,5.91,97.04,0.64,94,0.55,0.33
Casablanca,2026-05-01 18:49:52,19.13,68,1018,3.09,0,10000,Clear,clear sky,3,5.72,11.53,106.76,2.28,106.12,7.1,0
Tanger,2026-05-01 18:49:54,18.64,72,1018,1.54,0,10000,Clear,clear sky,2,4.21,7.65,105.87,3.01,99.89,4.72,0.03
Karia Ba Mohamed,2026-05-01 18:49:56,20.84,62,1016,4.66,99,10000,Clouds,overcast clouds,2,3.87,6.52,98.77,1.17,88.1,0.79,0.42
Fes,2026-05-01 18:49:58,23.14,60,1016,3.6,40,10000,Clouds,scattered clouds,2,4.22,6.37,96.38,1.13,84.58,0.55,0.52
Casablanca,2026-05-01 19:50:00,18.07,72,1019,3.09,0,10000,Clear,clear sky,3,5.19,11.27,108.35,2.59,101.91,6.46,0
Tanger,2026-05-01 19:50:01,18.64,72,1018,1.03,0,10000,Clear,clear sky,2,3.7,7.11,107.36,3.62,93.82,4.66,0.12
Karia Ba Mohamed,2026-05-01 19:50:03,19.15,68,1017,2.77,99,10000,Clouds,overcast clouds,2,3.9,6.66,99.09,1.79,76.81,0.67,0.62
Fes,2026-05-01 19:50:04,21.14,64,1017,3.6,40,10000,Clouds,scattered clouds,2,4.43,6.7,96.57,1.72,72.53,0.47,0.75
Casablanca,2026-05-01 20:50:06,18.07,72,1020,2.06,53,10000,Clouds,broken clouds,2,4.84,11.09,109.68,2.61,98.32,5.83,0
Tanger,2026-05-01 20:50:07,18.64,72,1019,1.03,0,10000,Clear,clear sky,2,3.44,6.88,108.87,3.68,89.72,4.61,0.15
Karia Ba Mohamed,2026-05-01 20:50:09,18.87,67,1018,2.24,99,10000,Clouds,overcast clouds,2,3.94,6.87,99.41,2.24,69.15,0.59,0.61
Fes,2026-05-01 20:50:10,18.14,88,1018,2.57,40,10000,Clouds,scattered clouds,2,4.52,6.92,96.68,2.16,65.15,0.43,0.93
Casablanca,2026-05-01 21:50:12,18.07,72,1020,1.54,59,10000,Clouds,broken clouds,2,4.54,10.88,108.77,2.62,93.46,4.96,0.08
Tanger,2026-05-01 21:50:13,17.64,72,1019,2.06,0,10000,Clear,clear sky,2,3.35,6.84,108.21,3.65,85.46,4.44,0.15
Karia Ba Mohamed,2026-05-01 21:50:15,18.07,68,1018,2.04,100,10000,Clouds,overcast clouds,2,3.94,6.95,97.67,2.63,61.74,0.52,0.68
Fes,2026-05-01 21:50:16,16.14,94,1018,2.57,0,10000,Clear,clear sky,1,4.41,6.81,95.15,2.45,59.77,0.39,1.19
Casablanca,2026-05-01 22:50:18,17.02,77,1019,2.06,51,10000,Clouds,broken clouds,2,4.45,11.08,109.35,2.63,88.93,3.98,0.16
Tanger,2026-05-01 22:50:19,17.64,72,1018,3.09,0,10000,Clear,clear sky,2,3.44,7.04,108.37,3.58,82.65,4.24,0.15
Karia Ba Mohamed,2026-05-01 22:50:21,16.64,71,1018,1.9,98,10000,Clouds,overcast clouds,1,4.03,7.09,97.45,2.95,54.72,0.43,0.84
Fes,2026-05-01 22:50:23,15.14,100,1018,2.57,0,10000,Clear,clear sky,1,4.32,6.68,95.05,2.63,54.43,0.31,1.33
Casablanca,2026-05-02 10:31:01,19.13,68,1019,2.06,75,8000,Clouds,broken clouds,2,6.89,15.31,102.88,0.94,97.2,5.41,0
Tanger,2026-05-02 10:31:02,19.64,77,1018,3.09,40,7000,Clouds,scattered clouds,2,6.26,10.83,102.4,1.28,97.26,4.55,0
Karia Ba Mohamed,2026-05-02 10:31:04,21.91,63,1018,3.47,96,10000,Clouds,overcast clouds,2,5.84,9.71,96.48,0.51,83.05,0.77,0.28
Fes,2026-05-02 10:31:05,18.14,82,1017,4.63,75,10000,Clouds,broken clouds,2,4.82,8.99,93.66,0.35,82.25,0.39,0.61
Casablanca,2026-05-02 11:31:07,19.13,68,1019,2.06,75,8000,Clouds,broken clouds,3,7.44,15.49,101.2,0.71,101.09,5.88,0
Tanger,2026-05-02 11:31:08,20.64,73,1017,3.09,40,10000,Clouds,scattered clouds,3,6.76,11.13,101.29,0.98,100.98,4.94,0
Karia Ba Mohamed,2026-05-02 11:31:09,23.65,56,1017,3.67,92,10000,Clouds,overcast clouds,2,5.99,9.95,95.66,0.46,84.46,0.77,0.23
Fes,2026-05-02 11:31:11,20.14,72,1016,4.63,75,10000,Clouds,broken clouds,2,5.22,9.5,92.91,0.31,82.89,0.41,0.5
Casablanca,2026-05-02 12:31:14,20.74,60,1018,2.06,40,8000,Clouds,scattered clouds,3,7.44,15.49,101.2,0.71,101.09,5.88,0
Tanger,2026-05-02 12:31:15,19.64,77,1017,3.09,40,10000,Clouds,scattered clouds,3,6.33,10.21,101.75,0.73,103.98,4.63,0
Karia Ba Mohamed,2026-05-02 12:31:17,25.08,52,1016,4.2,82,10000,Clouds,broken clouds,2,5.81,9.71,96.91,0.48,88.88,0.74,0.18
Fes,2026-05-02 12:31:19,20.14,77,1016,4.63,75,10000,Clouds,broken clouds,2,5.29,9.46,93.73,0.29,86.63,0.41,0.37
Casablanca,2026-05-02 13:31:20,20.74,60,1018,2.57,40,10000,Clouds,scattered clouds,3,5.95,12.41,101.3,0.73,101.12,5.88,0
Tanger,2026-05-02 13:31:22,21.64,68,1017,3.6,40,10000,Clouds,scattered clouds,3,5.02,7.95,101.15,0.63,102.28,3.74,0
Karia Ba Mohamed,2026-05-02 13:31:23,25.85,51,1015,4.26,57,10000,Clouds,broken clouds,2,5.86,9.82,97.86,0.37,91.17,0.87,0.09
Fes,2026-05-02 13:31:25,21.14,73,1015,4.63,75,10000,Clouds,broken clouds,2,5.72,9.84,94.91,0.31,87.73,0.54,0.2
Casablanca,2026-05-02 14:31:26,20.18,64,1018,3.6,20,10000,Clouds,few clouds,3,5.14,10.64,100.17,0.7,100.99,5.34,0
Tanger,2026-05-02 14:31:28,22.64,68,1017,3.09,40,10000,Clouds,scattered clouds,3,4.53,7.21,100.47,0.74,101.37,3.61,0
Karia Ba Mohamed,2026-05-02 14:31:29,26.3,49,1014,5.05,61,10000,Clouds,broken clouds,2,5.6,9.4,97.11,0.41,90.51,0.83,0.1
Fes,2026-05-02 14:31:31,22.14,64,1014,3.6,75,10000,Clouds,broken clouds,2,5.72,9.84,94.91,0.31,87.73,0.54,0.2
Casablanca,2026-05-02 15:31:32,20.18,64,1017,3.6,20,10000,Clouds,few clouds,3,4.27,9.2,99.88,0.88,102.02,5.38,0
Tanger,2026-05-02 15:31:34,22.64,68,1016,3.09,40,10000,Clouds,scattered clouds,3,4.15,6.75,101.44,1.1,100.68,3.76,0
Karia Ba Mohamed,2026-05-02 15:31:35,25.98,49,1014,5.84,67,10000,Clouds,broken clouds,2,5.41,9.15,97.38,0.52,90.03,0.83,0.12
Fes,2026-05-02 15:31:36,23.14,60,1014,3.6,40,10000,Clouds,scattered clouds,2,5.65,9.16,95.1,0.52,85.85,0.57,0.2
Casablanca,2026-05-02 16:31:38,20.18,60,1017,3.6,20,10000,Clouds,few clouds,3,3.73,8.46,100.85,1.16,102.04,5.64,0
Tanger,2026-05-02 16:31:39,22.64,68,1015,4.12,40,10000,Clouds,scattered clouds,2,3.9,6.56,102.97,1.68,99.68,3.94,0
Karia Ba Mohamed,2026-05-02 16:31:40,24.65,52,1014,7.65,61,10000,Clouds,broken clouds,2,5.17,8.81,97.03,0.69,88.27,0.86,0.17
Fes,2026-05-02 16:31:42,23.14,60,1014,3.09,40,10000,Clouds,scattered clouds,2,5.65,9.16,95.1,0.52,85.85,0.57,0.2
Casablanca,2026-05-02 17:31:44,19.13,63,1017,3.6,40,10000,Clouds,scattered clouds,3,3.27,7.84,102.61,1.48,100.71,5.86,0
Tanger,2026-05-02 17:31:45,21.64,68,1015,6.17,40,10000,Clouds,scattered clouds,2,3.46,6.15,104.5,2.17,97.71,3.85,0.03
Karia Ba Mohamed,2026-05-02 17:31:47,21.87,58,1014,7.76,66,10000,Clouds,broken clouds,2,4.88,8.43,96.92,0.83,86.65,0.9,0.22
Fes,2026-05-02 17:31:48,22.14,68,1014,3.09,40,10000,Clouds,scattered clouds,2,5.46,8.9,95.53,0.83,82.9,0.63,0.28
Casablanca,2026-05-02 18:31:50,19.13,63,1017,2.57,20,10000,Clouds,few clouds,2,2.99,7.53,103.4,1.81,97.4,5.83,0
Tanger,2026-05-02 18:31:51,21.64,68,1016,4.12,40,10000,Clouds,scattered clouds,2,2.95,5.64,104.92,2.5,93.94,3.56,0.11
Karia Ba Mohamed,2026-05-02 18:31:53,19.31,60,1015,6.5,100,10000,Clouds,overcast clouds,2,4.58,8.05,96.79,1,84.51,0.91,0.29
Fes,2026-05-02 18:31:54,21.14,73,1016,3.6,40,10000,Clouds,scattered clouds,2,5.32,8.67,95.51,1.12,79.35,0.65,0.47
Casablanca,2026-05-02 19:31:56,18.07,72,1017,2.06,0,10000,Clear,clear sky,2,2.99,7.87,105.58,2.03,94.35,5.66,0.03
Tanger,2026-05-02 19:31:57,19.64,77,1016,3.09,75,10000,Clouds,broken clouds,2,2.67,5.42,106.4,2.64,90.82,3.33,0.16
Karia Ba Mohamed,2026-05-02 19:31:59,17.67,69,1017,4.04,100,10000,Rain,light rain,2,4.35,7.76,97.46,1.19,81.77,0.87,0.36
Fes,2026-05-02 19:32:00,20.14,77,1017,3.09,40,10000,Rain,light rain,2,5.17,8.46,95.85,1.45,76.14,0.66,0.77
Casablanca,2026-05-02 20:32:02,18.07,72,1018,2.06,51,10000,Clouds,broken clouds,2,3.02,8.2,107.25,2,91.93,5.14,0.07
Tanger,2026-05-02 20:32:04,19.64,77,1017,2.06,75,10000,Clouds,broken clouds,2,2.53,5.37,107.53,2.59,88.42,3.21,0.17
Karia Ba Mohamed,2026-05-02 20:32:05,16.77,71,1018,2.46,94,10000,Rain,light rain,2,4.14,7.56,98.37,1.33,79.27,0.81,0.35
Fes,2026-05-02 20:32:06,19.14,82,1018,4.12,75,10000,Rain,light rain,2,5.17,8.46,95.85,1.45,76.14,0.66,0.77
Casablanca,2026-05-02 21:32:08,18.07,72,1018,1.54,63,10000,Clouds,broken clouds,2,3.02,8.2,107.25,2,91.93,5.14,0.07
Tanger,2026-05-02 21:32:09,18.64,77,1017,2.57,0,10000,Clear,clear sky,2,2.51,5.4,107.13,2.57,85.51,3.17,0.15
Karia Ba Mohamed,2026-05-02 21:32:11,15.98,74,1018,2.17,84,10000,Clouds,broken clouds,2,3.93,7.23,97.02,1.53,71.52,0.61,0.37
Fes,2026-05-02 21:32:12,18.14,88,1018,4.12,75,10000,Rain,light rain,2,4.87,7.93,95.43,1.91,68.13,0.54,1.26
Casablanca,2026-05-03 11:23:34,22.02,60,1017,2.06,40,6000,Clouds,scattered clouds,2,4.58,10.9,101.18,0.7,91,4.42,0
Tanger,2026-05-03 11:23:35,19.64,73,1016,4.12,40,10000,Clouds,scattered clouds,2,5.1,8.52,100.98,1.12,92.41,3.97,0
Karia Ba Mohamed,2026-05-03 11:23:36,21.77,47,1016,2.1,43,10000,Clouds,scattered clouds,2,4.76,8.96,96.15,0.87,73.71,0.64,0.33
Fes,2026-05-03 11:23:38,17.14,94,1016,1.54,75,10000,Clouds,broken clouds,2,4.91,10.65,93.84,0.34,74.97,0.37,0.36
Casablanca,2026-05-03 12:23:39,22.02,64,1017,3.6,40,6000,Clouds,scattered clouds,2,5.03,11.07,99.78,0.57,93.14,5,0
Tanger,2026-05-03 12:23:42,20.64,68,1016,3.09,40,10000,Clouds,scattered clouds,2,5.38,8.48,99.78,0.89,93.33,4.13,0
Karia Ba Mohamed,2026-05-03 12:23:43,22.98,43,1015,2.75,45,10000,Clouds,scattered clouds,2,4.67,8.74,95.36,0.74,74.35,0.59,0.35
Fes,2026-05-03 12:23:45,17.14,88,1015,1.54,75,10000,Clouds,broken clouds,2,4.87,10.69,93.05,0.28,75.34,0.35,0.34
Casablanca,2026-05-03 13:23:47,20.74,68,1016,4.12,40,6000,Clouds,scattered clouds,2,3.92,9.14,99.82,0.54,89.11,4.66,0
Tanger,2026-05-03 13:23:49,20.64,68,1015,5.14,40,10000,Clouds,scattered clouds,2,5.28,7.87,99.65,0.68,92.97,4.09,0
Karia Ba Mohamed,2026-05-03 13:23:50,23.96,42,1014,3.38,100,10000,Clouds,overcast clouds,2,5.17,9.34,95.66,0.43,82.91,0.73,0.15
Fes,2026-05-03 13:23:52,20.14,77,1014,1.54,75,10000,Clouds,broken clouds,2,5.51,14.06,93.34,0.31,80.61,0.41,0.24
Casablanca,2026-05-03 14:23:53,20.74,64,1016,3.6,40,8000,Clouds,scattered clouds,2,3.57,8.08,98.86,0.46,88.73,4.22,0
Tanger,2026-05-03 14:23:55,20.64,60,1015,5.14,40,10000,Clouds,scattered clouds,2,4.74,7.02,99.02,0.58,90.73,3.8,0
Karia Ba Mohamed,2026-05-03 14:23:56,24.59,41,1014,4.1,100,10000,Clouds,overcast clouds,2,5.08,8.84,95.37,0.35,85.8,0.66,0.05
Fes,2026-05-03 14:23:58,20.14,72,1013,1.03,75,10000,Clouds,broken clouds,2,5.32,12.03,93.46,0.25,83.9,0.37,0.12
Casablanca,2026-05-03 15:24:01,20.96,64,1015,3.6,40,8000,Clouds,scattered clouds,2,3.27,7.38,97.9,0.47,87.68,4.12,0
Tanger,2026-05-03 15:24:03,19.64,68,1014,4.12,40,10000,Clouds,scattered clouds,2,4.41,6.53,98.73,0.59,89.6,3.73,0
Karia Ba Mohamed,2026-05-03 15:24:06,24.76,42,1013,4.49,100,10000,Clouds,overcast clouds,2,5,8.41,94.83,0.36,85.75,0.65,0.04
Fes,2026-05-03 15:24:08,21.14,68,1013,1.03,75,10000,Clouds,broken clouds,2,5.06,10.01,93.04,0.24,84.68,0.35,0.09
Casablanca,2026-05-03 16:24:09,20.74,64,1015,3.09,40,8000,Clouds,scattered clouds,2,2.86,6.65,98.29,0.53,86.91,4.06,0
Tanger,2026-05-03 16:24:11,19.64,73,1014,4.63,75,10000,Clouds,broken clouds,2,4.08,6.11,99.38,0.76,88.99,3.73,0
Karia Ba Mohamed,2026-05-03 16:24:12,24.73,44,1013,3.89,100,10000,Clouds,overcast clouds,2,4.97,8.08,94.88,0.48,84.04,0.68,0.09
Fes,2026-05-03 16:24:13,21.14,64,1013,2.06,75,10000,Clouds,broken clouds,2,4.95,8.47,92.81,0.36,82.93,0.37,0.13
Casablanca,2026-05-03 17:27:04,20.18,60,1015,3.09,40,8000,Clouds,scattered clouds,2,2.53,6.29,99.24,0.69,86.18,4.22,0
Tanger,2026-05-03 17:27:06,18.64,77,1014,4.12,75,10000,Clouds,broken clouds,2,3.78,5.8,100.54,1.14,87.58,3.73,0
Karia Ba Mohamed,2026-05-03 17:27:07,24.21,46,1013,5.19,100,10000,Clouds,overcast clouds,2,4.81,7.6,94.53,0.74,79.77,0.75,0.2
Fes,2026-05-03 17:27:09,21.14,68,1013,2.57,75,10000,Clouds,broken clouds,2,4.85,7.6,92.37,0.62,78.7,0.42,0.25
Casablanca,2026-05-03 18:27:10,19.7,64,1015,2.68,40,8000,Clouds,scattered clouds,2,2.3,6.09,101.24,0.91,85.88,4.43,0
Tanger,2026-05-03 18:27:12,18.64,77,1014,4.12,75,10000,Clouds,broken clouds,2,3.3,5.29,102.23,1.64,84.89,3.55,0.02
Karia Ba Mohamed,2026-05-03 18:27:14,21.59,60,1013,7.17,100,10000,Clouds,overcast clouds,2,4.5,7.04,94.02,0.96,75.62,0.83,0.32
Fes,2026-05-03 18:27:15,21.14,68,1013,1.54,75,10000,Clouds,broken clouds,2,4.62,7.05,92.1,0.89,75.21,0.49,0.36
Casablanca,2026-05-03 19:27:17,19.13,70,1016,2.57,40,8000,Clouds,scattered clouds,2,2.17,6.19,102.8,1.37,83.84,4.7,0
Tanger,2026-05-03 19:27:18,17.64,82,1015,3.09,75,10000,Clouds,broken clouds,2,2.76,4.71,103.02,2.13,80.96,3.28,0.1
Karia Ba Mohamed,2026-05-03 19:27:20,19.77,68,1014,5.36,82,10000,Clouds,broken clouds,2,4.12,6.55,93.63,1.12,71.89,0.85,0.41
Fes,2026-05-03 19:27:22,20.14,72,1014,2.06,75,10000,Clouds,broken clouds,2,4.32,6.62,91.92,1.15,71.1,0.52,0.48
Casablanca,2026-05-03 20:27:23,18.07,77,1017,2.57,48,10000,Clouds,scattered clouds,2,2.18,6.7,105.74,1.81,82.05,5.03,0.05
Tanger,2026-05-03 20:27:25,17.64,82,1016,2.06,75,10000,Clouds,broken clouds,2,2.44,4.39,105.25,2.44,78.37,3.07,0.16
Karia Ba Mohamed,2026-05-03 20:27:26,18.06,76,1015,4.78,72,10000,Clouds,broken clouds,2,3.75,6.07,94.5,1.2,68.92,0.84,0.43
Fes,2026-05-03 20:27:28,19.14,82,1015,1.03,75,10000,Clouds,broken clouds,2,4.01,6.2,92.48,1.35,66.55,0.52,0.53
Casablanca,2026-05-03 21:27:30,18.07,77,1017,2.06,40,10000,Clouds,scattered clouds,2,2.21,7.08,108.45,1.95,80.91,5.08,0.09
Tanger,2026-05-03 21:27:32,17.64,82,1016,2.57,75,10000,Clouds,broken clouds,2,2.2,4.14,107.33,2.5,76.72,2.89,0.18
Karia Ba Mohamed,2026-05-03 21:27:33,16.88,83,1016,3.64,72,10000,Clouds,broken clouds,2,3.37,5.59,95.46,1.27,66.33,0.8,0.36
Fes,2026-05-03 21:27:35,18.14,77,1016,3.6,75,10000,Clouds,broken clouds,2,3.66,5.72,92.96,1.48,62.42,0.51,0.49
Casablanca,2026-05-05 11:06:05,20.19,52,1017,3.09,40,10000,Clouds,scattered clouds,3,4.1,9.94,110.41,0.76,107.06,4.24,0
Tanger,2026-05-05 11:06:07,18.64,59,1016,3.6,40,10000,Clouds,scattered clouds,3,4.36,8.28,110.63,1.37,103.23,4.56,0
Karia Ba Mohamed,2026-05-05 11:06:08,19.52,47,1016,3.01,98,10000,Clouds,overcast clouds,2,3.11,6.43,101.45,0.45,83.69,0.62,0.17
Fes,2026-05-05 11:06:10,16.14,72,1016,2.57,75,10000,Clouds,broken clouds,2,3.19,5.89,97.92,0.2,79.48,0.52,0.14
Casablanca,2026-05-05 12:06:11,20.18,52,1016,3.6,40,10000,Clouds,scattered clouds,3,4.66,10.4,108.75,0.59,110.06,4.5,0
Tanger,2026-05-05 12:06:13,19.64,56,1016,4.12,40,10000,Clouds,scattered clouds,3,5.02,8.84,109.01,0.97,107.66,4.85,0
Karia Ba Mohamed,2026-05-05 12:06:14,20.37,44,1015,3.45,100,10000,Clouds,overcast clouds,2,3.14,6.33,100.03,0.31,85.46,0.59,0.15
Fes,2026-05-05 12:06:16,18.14,63,1015,2.06,75,10000,Clouds,broken clouds,2,3.23,5.95,96.68,0.16,79.59,0.5,0.12
Casablanca,2026-05-05 13:06:18,20.18,52,1016,4.12,40,10000,Clouds,scattered clouds,3,4.83,10.09,108.81,0.5,113.4,4.7,0
Tanger,2026-05-05 13:06:19,19.64,52,1015,4.63,40,10000,Clouds,scattered clouds,3,4.9,8.29,108.68,0.71,110.8,4.59,0
Karia Ba Mohamed,2026-05-05 13:06:21,21.71,40,1015,3.56,100,10000,Clouds,overcast clouds,2,2.87,5.66,99.68,0.24,86.14,0.56,0.1
Fes,2026-05-05 13:06:24,20.14,55,1014,3.09,40,10000,Clouds,scattered clouds,2,2.87,5.27,96.32,0.15,79.02,0.45,0.09
Casablanca,2026-05-05 14:48:56,20.19,49,1015,3.6,75,10000,Clouds,broken clouds,3,4.81,9.24,106.34,0.55,122.27,5.47,0
Tanger,2026-05-05 14:48:58,18.64,55,1015,5.66,40,10000,Clouds,scattered clouds,3,4.04,6.77,107.16,0.69,115.31,4.01,0
Karia Ba Mohamed,2026-05-05 14:49:00,23.33,35,1013,4.4,100,10000,Clouds,overcast clouds,2,2.52,4.77,97.79,0.27,87.81,0.55,0.1
Fes,2026-05-05 14:49:01,22.14,49,1012,4.12,40,10000,Clouds,scattered clouds,2,2.09,3.69,94.44,0.22,79.66,0.3,0.11
Casablanca,2026-05-05 15:49:03,19.13,48,1015,4.12,75,10000,Clouds,broken clouds,3,4.55,8.97,106.71,0.7,121.95,5.84,0
Tanger,2026-05-05 15:49:04,18.64,52,1014,6.17,40,10000,Clouds,scattered clouds,3,3.73,6.48,107.49,0.91,115.34,4.03,0
Karia Ba Mohamed,2026-05-05 15:49:05,23.45,34,1012,4.43,96,10000,Clouds,overcast clouds,2,2.73,5.22,98.89,0.36,90.43,0.66,0.12
Fes,2026-05-05 15:49:07,22.14,49,1012,4.63,40,10000,Clouds,scattered clouds,2,2.24,4.01,95.26,0.29,81.79,0.31,0.12
Casablanca,2026-05-05 16:49:09,19.13,52,1015,3.6,40,10000,Clouds,scattered clouds,3,4.03,8.62,107.71,0.91,120.27,6.04,0
Tanger,2026-05-05 16:49:10,17.64,55,1014,5.14,75,10000,Clouds,broken clouds,3,3.42,6.26,108.71,1.32,113.59,4.06,0.03
Karia Ba Mohamed,2026-05-05 16:49:12,22.78,37,1012,5.33,97,10000,Clouds,overcast clouds,2,2.98,5.76,99.97,0.51,92.85,0.84,0.15
Fes,2026-05-05 16:49:13,21.14,52,1012,4.63,40,10000,Clouds,scattered clouds,2,2.46,4.45,96.2,0.37,84.29,0.39,0.14
Casablanca,2026-05-05 17:49:15,18.65,53,1015,4.12,40,10000,Clouds,scattered clouds,3,3.4,8.07,109.24,1.22,117.21,5.95,0
Tanger,2026-05-05 17:49:17,17.64,48,1014,5.66,75,10000,Clouds,broken clouds,3,2.91,5.73,110.54,1.81,110.64,3.99,0.1
Karia Ba Mohamed,2026-05-05 17:49:18,20.49,49,1013,7.27,98,10000,Clouds,overcast clouds,2,3.12,6.12,101.13,0.67,94.51,1.03,0.18
Fes,2026-05-05 17:49:20,20.14,52,1012,4.63,75,10000,Clouds,broken clouds,2,2.61,4.82,97.38,0.43,86.94,0.52,0.15
Casablanca,2026-05-05 18:49:21,18.19,55,1016,4.12,40,10000,Clouds,scattered clouds,3,2.8,7.54,109.74,1.71,111.43,5.7,0.03
Tanger,2026-05-05 18:49:23,17.64,52,1015,4.12,75,10000,Clouds,broken clouds,3,2.38,5.09,111.3,2.44,105.31,3.89,0.19
Karia Ba Mohamed,2026-05-05 18:49:25,18.07,53,1014,5.84,100,10000,Clouds,overcast clouds,2,3.15,6.16,101.26,1.04,91.18,1.07,0.33
Fes,2026-05-05 18:49:28,19.14,52,1014,3.09,75,10000,Clouds,broken clouds,2,2.8,5.16,97.48,0.81,83.76,0.62,0.35
Casablanca,2026-05-05 19:49:30,18.07,63,1016,3.09,40,10000,Clouds,scattered clouds,3,2.42,7.49,111.83,2.1,106.73,5.63,0.12
Tanger,2026-05-05 19:49:32,16.64,59,1015,4.63,0,10000,Clear,clear sky,3,2.09,4.76,113.17,2.74,101.34,3.85,0.28
Karia Ba Mohamed,2026-05-05 19:49:34,16.41,60,1014,4.62,98,10000,Clouds,overcast clouds,2,3.2,6.18,102.65,1.46,86.35,0.97,0.53
Fes,2026-05-05 19:49:36,16.14,67,1015,3.6,75,10000,Clouds,broken clouds,2,3.01,5.53,98.65,1.31,78.43,0.62,0.62
Casablanca,2026-05-05 20:49:37,17.02,67,1016,3.09,66,10000,Clouds,broken clouds,3,2.26,7.58,113.67,2.21,103.13,5.52,0.2
Tanger,2026-05-05 20:49:39,16.64,63,1015,3.6,0,10000,Clear,clear sky,2,1.99,4.67,114.78,2.73,98.83,3.78,0.33
Karia Ba Mohamed,2026-05-05 20:49:41,14.95,66,1015,2.89,94,10000,Clouds,overcast clouds,2,3.22,6.2,104.14,1.75,82.82,0.89,0.61
Fes,2026-05-05 20:49:43,15.14,77,1015,4.12,40,10000,Clouds,scattered clouds,2,3.11,5.75,99.74,1.66,74.29,0.59,0.73
Casablanca,2026-05-06 10:30:40,20.19,52,1013,2.06,40,10000,Clouds,scattered clouds,3,4.41,11.51,111.32,0.79,111.66,5.19,0
Tanger,2026-05-06 10:30:41,18.64,68,1012,4.63,75,10000,Clouds,broken clouds,3,4.65,8.65,110.52,1.01,109.62,4.03,0
Karia Ba Mohamed,2026-05-06 10:30:42,20.36,43,1012,2.54,70,10000,Clouds,broken clouds,2,3.33,6.48,100.38,0.33,95.73,0.92,0.25
Fes,2026-05-06 10:30:44,17.14,63,1012,1.54,75,10000,Clouds,broken clouds,2,2.69,5.14,96.08,0.2,87.75,0.71,0.22
Casablanca,2026-05-06 11:30:45,20.19,49,1013,3.09,40,10000,Clouds,scattered clouds,3,4.41,11.51,111.32,0.79,111.66,5.19,0
Tanger,2026-05-06 11:30:47,18.64,72,1012,4.12,75,10000,Clouds,broken clouds,3,5.16,9.3,109.38,0.73,113.21,4.18,0
Karia Ba Mohamed,2026-05-06 11:30:48,21.51,41,1011,3.27,76,10000,Clouds,broken clouds,2,3.11,5.97,99.17,0.26,96.33,0.83,0.21
Fes,2026-05-06 11:30:50,18.14,55,1011,1.54,75,10000,Clouds,broken clouds,2,2.37,4.52,94.68,0.18,86.94,0.6,0.19
Casablanca,2026-05-06 12:30:51,20.96,49,1012,3.09,40,10000,Clouds,scattered clouds,3,5.09,12.4,109.96,0.63,114.68,5.85,0
Tanger,2026-05-06 12:30:53,19.64,68,1012,4.12,40,10000,Clouds,scattered clouds,3,4.97,8.99,109.99,0.64,114.93,4.05,0
Karia Ba Mohamed,2026-05-06 12:30:54,22.17,40,1011,3.7,100,10000,Clouds,overcast clouds,2,2.63,5.07,98.93,0.27,94.76,0.7,0.16
Fes,2026-05-06 12:30:56,20.14,52,1011,3.09,75,10000,Clouds,broken clouds,2,1.85,3.55,94.2,0.19,84.54,0.46,0.15
Casablanca,2026-05-06 13:30:57,20.48,50,1013,3.6,40,10000,Clouds,scattered clouds,3,3.76,9.34,109.52,0.56,113.94,5.2,0
Tanger,2026-05-06 13:30:59,19.64,64,1012,4.63,40,10000,Clouds,scattered clouds,3,3.87,7.37,110.13,0.59,113.95,3.3,0
Karia Ba Mohamed,2026-05-06 13:31:00,23.17,38,1010,3.94,92,10000,Clouds,overcast clouds,2,2.83,5.38,99.64,0.26,94.96,0.77,0.11
Fes,2026-05-06 13:31:01,20.14,52,1010,3.6,75,10000,Clouds,broken clouds,2,2.46,4.35,95.36,0.2,86.63,0.58,0.09
Casablanca,2026-05-06 14:31:03,21.19,46,1012,3.6,40,10000,Clouds,scattered clouds,3,3.23,8.25,108.93,0.63,111.59,4.82,0
Tanger,2026-05-06 14:31:04,19.64,52,1011,4.63,40,10000,Clouds,scattered clouds,3,3.58,6.86,110.16,0.61,113.02,3.13,0.01
Karia Ba Mohamed,2026-05-06 14:31:06,23.59,35,1009,4.51,84,10000,Clouds,broken clouds,2,2.74,5.05,99.45,0.31,94.08,0.91,0.1
Fes,2026-05-06 14:31:07,21.14,49,1009,3.6,40,10000,Clouds,scattered clouds,2,2.32,3.85,95.27,0.24,86.08,0.6,0.08
Casablanca,2026-05-06 15:31:11,20.18,60,1011,4.12,75,10000,Clouds,broken clouds,3,2.77,7.41,110.56,0.8,109.9,4.59,0
Tanger,2026-05-06 15:31:14,18.64,68,1010,5.66,0,10000,Clear,clear sky,3,3.32,6.45,110.96,0.82,111.95,3.13,0.04
Karia Ba Mohamed,2026-05-06 15:31:20,23.46,33,1009,4.47,81,10000,Clouds,broken clouds,2,2.84,5.32,100.46,0.42,94.67,1.16,0.11
Fes,2026-05-06 15:31:22,21.14,49,1009,4.12,40,10000,Clouds,scattered clouds,2,2.4,3.98,96,0.35,86.98,0.73,0.1
Casablanca,2026-05-06 16:31:24,20.19,60,1011,3.6,75,10000,Clouds,broken clouds,3,2.51,7.02,112.11,1,107.94,4.5,0
Tanger,2026-05-06 16:31:26,19.64,68,1010,5.66,0,10000,Clear,clear sky,3,3.04,6.09,112.44,1.18,109.87,3.16,0.11
Karia Ba Mohamed,2026-05-06 16:31:27,23.01,32,1008,4.1,77,10000,Clouds,broken clouds,2,2.96,5.76,101.51,0.6,95.23,1.46,0.14
Fes,2026-05-06 16:31:29,21.14,49,1008,4.12,40,10000,Clouds,scattered clouds,2,2.57,4.37,97.05,0.53,88.1,0.96,0.13
Casablanca,2026-05-06 17:31:32,19.7,61,1011,3.58,75,10000,Clouds,broken clouds,3,2.38,6.81,113.93,1.25,106.18,4.45,0.03
Tanger,2026-05-06 17:31:34,18.64,68,1010,5.14,0,10000,Clear,clear sky,3,2.68,5.66,113.84,1.58,107.18,3.13,0.21
Karia Ba Mohamed,2026-05-06 17:31:36,21.31,45,1008,5.72,74,10000,Clouds,broken clouds,2,3.05,6.09,102.57,0.74,95.17,1.64,0.18
Fes,2026-05-06 17:31:38,20.14,48,1009,4.12,40,10000,Clouds,scattered clouds,2,2.57,4.37,97.05,0.53,88.1,0.96,0.13
Casablanca,2026-05-06 18:31:40,18.19,68,1011,4.12,75,10000,Clouds,broken clouds,3,2.29,6.74,114.4,1.64,102.56,4.46,0.09
Tanger,2026-05-06 18:31:42,17.64,68,1010,4.63,0,10000,Clear,clear sky,3,2.36,5.13,114.61,2.15,102.76,3.1,0.34
Karia Ba Mohamed,2026-05-06 18:31:43,17.56,63,1010,5.55,40,10000,Clouds,scattered clouds,2,3.07,6.26,103.48,0.9,94.06,1.63,0.27
Fes,2026-05-06 18:31:45,20.14,48,1009,3.09,40,10000,Clouds,scattered clouds,2,2.82,5.07,99.12,0.99,86.06,1.18,0.28
Casablanca,2026-05-06 19:31:46,18.19,68,1011,3.6,75,8000,Clouds,broken clouds,3,2.29,6.74,114.4,1.64,102.56,4.46,0.09
Tanger,2026-05-06 19:31:48,16.64,72,1011,3.6,0,10000,Clear,clear sky,2,2.24,4.79,116.24,2.49,99.26,3.03,0.45
Karia Ba Mohamed,2026-05-06 19:31:49,16.34,65,1010,3.52,83,10000,Clouds,broken clouds,2,3.04,6.26,105.48,1.04,92.75,1.51,0.4
Fes,2026-05-06 19:31:50,19.14,52,1011,2.57,40,10000,Clouds,scattered clouds,2,2.92,5.43,100.63,1.36,83.09,1.14,0.58
Casablanca,2026-05-06 20:31:52,18.07,67,1012,3.09,87,10000,Clouds,overcast clouds,2,2.57,8.11,117.39,1.97,99.94,5.11,0.2
Tanger,2026-05-06 20:31:54,15.64,77,1011,1.54,0,10000,Clear,clear sky,2,2.22,4.59,117.52,2.49,97.52,2.87,0.45
Karia Ba Mohamed,2026-05-06 20:31:56,16.42,64,1011,3.56,85,10000,Clouds,overcast clouds,2,2.9,6.01,107.49,1.15,91.21,1.32,0.46
Fes,2026-05-06 20:31:58,17.14,63,1011,2.57,40,10000,Clouds,scattered clouds,2,2.92,5.43,100.63,1.36,83.09,1.14,0.58
Casablanca,2026-05-06 21:32:00,17.02,72,1012,2.57,87,10000,Clouds,overcast clouds,2,2.81,8.89,116.92,1.98,99.08,5.28,0.2
Tanger,2026-05-06 21:32:02,14.64,82,1011,0.51,0,10000,Clear,clear sky,2,2.21,4.36,117.09,2.44,95.65,2.67,0.39
Karia Ba Mohamed,2026-05-06 21:32:04,15.76,67,1011,2.78,89,10000,Clouds,overcast clouds,2,2.59,5.29,107.1,1.26,86.94,1.05,0.45
Fes,2026-05-06 21:32:06,17.14,72,1011,2.57,40,10000,Clouds,scattered clouds,2,2.77,5.25,102.21,1.86,78.89,0.93,1.12
Casablanca,2026-05-07 10:59:44,19.13,54,1013,2.57,40,8000,Clouds,scattered clouds,3,3.05,8.84,111.42,0.64,114.65,3.81,0
Tanger,2026-05-07 10:59:45,19.64,56,1012,4.12,40,10000,Clouds,scattered clouds,3,3.51,7.12,114.15,2.02,105.04,2.9,0.23
Karia Ba Mohamed,2026-05-07 10:59:47,18.02,61,1013,2.17,91,10000,Clouds,overcast clouds,2,2.89,4.89,106.58,1.91,77.95,0.79,0.45
Fes,2026-05-07 10:59:48,14.14,88,1013,2.57,75,10000,Clouds,broken clouds,2,2.45,4.02,103.6,0.61,82.57,0.73,0.19
Casablanca,2026-05-07 11:59:50,20.19,49,1012,2.57,40,8000,Clouds,scattered clouds,3,3.05,8.6,109.82,0.51,115.2,3.56,0
Tanger,2026-05-07 11:59:51,19.64,60,1012,6.17,40,10000,Clouds,scattered clouds,3,3.84,7.4,112.61,1.44,109.46,2.89,0.17
Karia Ba Mohamed,2026-05-07 11:59:52,18.58,58,1012,2.28,93,10000,Clouds,overcast clouds,2,2.87,4.69,105.64,1.39,81.89,0.77,0.35
Fes,2026-05-07 11:59:54,16.14,77,1013,2.06,75,10000,Clouds,broken clouds,2,2.41,3.76,102.55,0.51,84.05,0.68,0.16
Casablanca,2026-05-07 12:59:55,20.19,45,1012,3.09,40,8000,Clouds,scattered clouds,3,3.21,8.8,109.89,0.46,117.4,3.59,0
Tanger,2026-05-07 12:59:57,19.64,60,1011,4.63,40,10000,Clouds,scattered clouds,3,3.7,6.92,111.69,0.84,114.95,2.53,0.09
Karia Ba Mohamed,2026-05-07 12:59:58,19.75,53,1012,2.57,98,10000,Clouds,overcast clouds,2,2.72,4.34,106,0.58,91.07,0.79,0.15
Fes,2026-05-07 12:59:59,18.14,67,1012,2.06,75,10000,Clouds,broken clouds,2,2.28,3.44,102.69,0.36,86.52,0.6,0.13
Casablanca,2026-05-07 14:00:01,20.19,42,1011,3.6,40,8000,Clouds,scattered clouds,3,3.01,7.91,108.6,0.45,116.24,3.38,0
Tanger,2026-05-07 14:00:02,19.64,60,1011,5.14,40,10000,Clouds,scattered clouds,3,2.93,5.33,109.2,0.63,114.22,2.51,0.04
Karia Ba Mohamed,2026-05-07 14:00:04,19.72,54,1011,1.39,92,10000,Clouds,overcast clouds,2,2.14,3.49,103.88,0.32,96.73,0.73,0.1
Fes,2026-05-07 14:00:05,17.14,63,1011,2.06,75,10000,Clouds,broken clouds,2,1.9,2.94,101.14,0.21,90.39,0.5,0.1
Casablanca,2026-05-07 15:00:07,20.19,49,1011,3.6,40,8000,Clouds,scattered clouds,3,3.06,7.77,107.71,0.49,116.29,3.62,0
Tanger,2026-05-07 15:00:08,19.64,60,1011,5.66,40,10000,Clouds,scattered clouds,3,3.19,5.61,108.32,0.7,114.22,2.79,0.02
Karia Ba Mohamed,2026-05-07 15:00:10,20.25,51,1010,1.34,86,10000,Clouds,overcast clouds,2,2.07,3.33,102.5,0.3,96.65,0.72,0.09
Fes,2026-05-07 15:00:11,18.14,67,1010,2.06,75,10000,Clouds,broken clouds,2,1.89,2.88,99.83,0.2,90.14,0.49,0.1
Casablanca,2026-05-07 16:00:12,20.19,52,1011,3.6,40,8000,Clouds,scattered clouds,3,3.16,7.8,109.08,0.62,118.59,4.21,0
Tanger,2026-05-07 16:00:14,18.64,63,1010,4.63,40,10000,Clouds,scattered clouds,3,3.44,5.98,109.27,0.92,114.91,3.26,0.03
Karia Ba Mohamed,2026-05-07 16:00:15,20.51,50,1010,2.48,90,10000,Clouds,overcast clouds,2,2.16,3.47,103.07,0.42,96.77,0.75,0.15
Fes,2026-05-07 16:00:17,19.14,63,1009,1.54,75,10000,Clouds,broken clouds,2,2.01,3.04,100.32,0.28,90.21,0.49,0.16
Casablanca,2026-05-07 17:00:18,19.13,55,1011,3.6,0,10000,Clear,clear sky,3,3.1,7.75,110.91,0.9,117.83,5,0
Tanger,2026-05-07 17:00:20,18.64,59,1011,5.14,40,10000,Clouds,scattered clouds,3,3.57,6.33,111.12,1.38,114.23,3.83,0.05
Karia Ba Mohamed,2026-05-07 17:00:21,20.82,49,1009,2.6,92,10000,Clouds,overcast clouds,2,2.35,3.85,103.11,0.69,94.84,0.8,0.28
Fes,2026-05-07 17:00:23,19.14,59,1009,1.54,75,10000,Clouds,broken clouds,2,2.21,3.37,100.37,0.47,88.76,0.51,0.28
Casablanca,2026-05-07 18:00:24,19.13,55,1011,3.6,0,10000,Clear,clear sky,3,2.75,7.31,112.75,1.32,113.69,5.49,0
Tanger,2026-05-07 18:00:26,18.64,59,1011,4.63,0,10000,Clear,clear sky,3,3.25,6.13,113.32,1.93,112.07,4.07,0.09
Karia Ba Mohamed,2026-05-07 18:00:27,20.46,51,1009,1.76,94,10000,Clouds,overcast clouds,2,2.47,4.15,103.14,0.96,92.63,0.87,0.39
Fes,2026-05-07 18:00:29,19.14,59,1009,1.54,75,10000,Clouds,broken clouds,2,2.36,3.64,100.58,0.68,87.1,0.53,0.4
Casablanca,2026-05-07 19:00:30,18.65,55,1012,3.58,75,10000,Clouds,broken clouds,3,2.35,6.88,113.02,1.76,106.79,5.52,0
Tanger,2026-05-07 19:00:32,16.64,67,1011,3.09,0,10000,Clear,clear sky,3,2.71,5.57,114.47,2.49,107.24,4,0.17
Karia Ba Mohamed,2026-05-07 19:00:33,18.34,58,1010,0.96,100,10000,Clouds,overcast clouds,2,2.52,4.39,103.44,1.37,87.47,0.89,0.59
Fes,2026-05-07 19:00:34,17.14,72,1010,1.03,40,10000,Clouds,scattered clouds,2,2.46,3.83,100.73,1.16,80.87,0.5,0.65
Casablanca,2026-05-07 20:00:36,17.12,61,1012,3.57,100,10000,Clouds,overcast clouds,3,2.14,6.97,114.6,1.98,102.76,5.43,0.06
Tanger,2026-05-07 20:00:37,16.64,67,1012,2.57,75,10000,Clouds,broken clouds,3,2.34,5.2,116.1,2.83,103.16,3.93,0.27
Karia Ba Mohamed,2026-05-07 20:00:39,16.45,61,1011,3.25,86,10000,Clouds,overcast clouds,2,2.55,4.63,104.25,1.7,81.35,0.88,0.82
Fes,2026-05-07 20:00:40,17.14,77,1011,1.03,40,10000,Clouds,scattered clouds,2,2.55,4.01,100.98,1.66,72.55,0.44,0.98
Casablanca,2026-05-07 21:00:41,17.02,63,1013,2.06,100,10000,Clouds,overcast clouds,3,2.08,7.25,116.45,2,100.96,5.51,0.11
Tanger,2026-05-07 21:00:43,16.64,67,1013,2.06,75,10000,Clouds,broken clouds,3,2.12,5.04,117.39,2.92,100.1,3.94,0.32
Karia Ba Mohamed,2026-05-07 21:00:44,14.35,72,1012,3.31,91,10000,Clouds,overcast clouds,2,2.56,4.89,105.32,1.9,77.8,0.87,1
Fes,2026-05-07 21:00:46,16.14,82,1012,0.51,40,10000,Clouds,scattered clouds,2,2.59,4.2,101.22,1.97,67.47,0.42,1.22
Casablanca,2026-05-11 08:27:39,19.13,68,1018,2.06,0,10000,Clear,clear sky,1,4.55,17.79,110.16,2.87,39.08,0.38,0.39
Tanger,2026-05-11 08:27:40,17.64,72,1018,2.57,75,10000,Clouds,broken clouds,1,4.23,10.15,113.14,6.53,48.38,1.81,2.74
Karia Ba Mohamed,2026-05-11 08:27:42,17.73,75,1018,0.34,50,10000,Clouds,scattered clouds,1,2.79,6.19,94.24,2.51,27.38,0.18,0.63
Fes,2026-05-11 08:27:43,16.14,82,1019,2.06,75,10000,Clouds,broken clouds,1,2.86,6.79,93.4,1.74,37.11,0.14,0.87
Casablanca,2026-05-11 09:27:43,20.19,56,1018,2.06,20,10000,Clouds,few clouds,2,5.05,20.27,110.02,2.67,41.57,0.51,0.64
Tanger,2026-05-11 09:27:44,18.64,68,1018,2.57,75,10000,Clouds,broken clouds,1,4.63,11.25,112.99,6,51.11,1.86,2.66
Karia Ba Mohamed,2026-05-11 09:27:46,19.48,64,1018,0.7,54,10000,Clouds,broken clouds,1,3,6.91,94.28,1.97,35.51,0.23,0.7
Fes,2026-05-11 09:27:47,18.14,72,1019,1.03,75,10000,Clouds,broken clouds,1,3.08,7.6,93.62,1.16,47.25,0.2,0.81
Casablanca,2026-05-11 13:48:25,20.74,52,1017,4.12,0,10000,Clear,clear sky,2,4.26,12.85,100.39,0.29,96.72,2.76,0
Tanger,2026-05-11 13:48:27,20.64,68,1017,5.14,40,10000,Clouds,scattered clouds,3,5.96,10.15,100.15,0.54,104.34,4.49,0
Karia Ba Mohamed,2026-05-11 13:48:28,25.4,38,1015,2.61,1,10000,Clear,clear sky,2,4.1,8.91,92.68,0.2,89.6,0.56,0.04
Fes,2026-05-11 13:48:30,25.14,38,1015,2.57,20,10000,Clouds,few clouds,2,3.58,8.01,90.91,0.16,88.92,0.44,0.09
Casablanca,2026-05-11 14:48:32,20.18,60,1016,4.63,0,10000,Clear,clear sky,2,4.1,10.77,99.26,0.34,98.15,3.3,0
Tanger,2026-05-11 14:48:34,20.64,64,1016,4.12,40,10000,Clouds,scattered clouds,3,6.3,10.09,99.66,0.62,106.78,4.91,0
Karia Ba Mohamed,2026-05-11 14:48:35,26.19,36,1014,3.59,1,10000,Clear,clear sky,2,4.18,8.75,91.58,0.23,90.01,0.61,0.04
Fes,2026-05-11 14:48:37,25.14,38,1014,2.06,20,10000,Clouds,few clouds,2,3.65,7.97,89.85,0.18,88.43,0.43,0.09
Casablanca,2026-05-11 15:48:39,20.18,56,1016,4.63,0,10000,Clear,clear sky,2,3.66,8.76,100.09,0.43,99.31,3.57,0
Tanger,2026-05-11 15:48:40,20.64,64,1016,4.63,40,10000,Clouds,scattered clouds,3,6.76,10.19,101.36,0.81,109.86,5.61,0
Karia Ba Mohamed,2026-05-11 15:48:42,26.34,35,1014,3.73,1,10000,Clear,clear sky,2,4.45,8.89,92.13,0.31,91.5,0.72,0.06
Fes,2026-05-11 15:48:44,26.14,38,1013,2.57,20,10000,Clouds,few clouds,2,3.79,8.07,90.19,0.25,88.78,0.42,0.13
Casablanca,2026-05-11 16:48:46,20.19,60,1017,3.6,0,10000,Clear,clear sky,2,2.27,5.95,101.99,0.52,98.79,3.28,0
Tanger,2026-05-11 16:48:49,19.64,64,1016,4.63,40,10000,Clouds,scattered clouds,3,4.86,7.59,103.77,1.09,107.68,5.07,0
Karia Ba Mohamed,2026-05-11 16:48:52,26.08,34,1013,3.41,2,10000,Clear,clear sky,2,4.21,7.89,92.77,0.47,90.65,0.95,0.19
Fes,2026-05-11 16:48:56,26.14,38,1013,2.57,20,10000,Clouds,few clouds,2,3.28,6.96,90.73,0.4,86.46,0.34,0.29
Casablanca,2026-05-11 18:03:32,20.19,60,1017,3.09,0,10000,Clear,clear sky,2,1.93,5.55,103.72,0.66,98.08,3.28,0
Tanger,2026-05-11 18:03:34,19.64,56,1016,3.09,40,10000,Clouds,scattered clouds,3,4.5,7.08,106.23,1.52,106.03,5.05,0
Karia Ba Mohamed,2026-05-11 18:03:36,24.86,39,1014,4.68,2,10000,Clear,clear sky,2,4.55,8.16,93.21,0.64,89.93,1.16,0.25
Fes,2026-05-11 18:03:37,24.14,43,1013,3.6,20,10000,Clouds,few clouds,2,3.6,7.3,90.55,0.58,84.95,0.4,0.37
Casablanca,2026-05-11 19:03:39,20.19,52,1017,2.57,0,10000,Clear,clear sky,2,1.72,5.63,104.47,1.02,94.49,3.31,0.07
Tanger,2026-05-11 19:03:41,18.64,59,1016,2.57,40,10000,Clouds,scattered clouds,2,3.96,6.51,107.56,2.44,99.98,4.74,0.07
Karia Ba Mohamed,2026-05-11 19:03:43,20.38,56,1015,6.73,5,10000,Clear,clear sky,2,4.78,8.29,94.15,0.93,88.19,1.32,0.29
Fes,2026-05-11 19:03:45,23.14,49,1015,3.09,0,10000,Clear,clear sky,2,4.04,7.71,90.92,0.88,82.66,0.55,0.46
Casablanca,2026-05-11 20:03:48,18.56,61,1019,1.54,0,10000,Clear,clear sky,2,1.67,6.21,106.59,1.4,90.69,3.29,0.22
Tanger,2026-05-11 20:03:49,17.64,68,1017,1.54,20,10000,Clouds,few clouds,2,3.53,6.22,110.19,3.32,94.15,4.4,0.28
Karia Ba Mohamed,2026-05-11 20:03:51,18.17,59,1017,5.84,23,10000,Clouds,few clouds,2,4.95,8.32,96.41,1.16,86.8,1.39,0.31
Fes,2026-05-11 20:03:53,20.14,59,1017,2.06,0,10000,Clear,clear sky,2,4.53,8.11,92.17,1.12,80.5,0.71,0.56
Casablanca,2026-05-11 21:03:54,18.07,63,1019,1.54,1,10000,Clear,clear sky,2,1.7,6.88,109,1.57,87.97,3.22,0.32
Tanger,2026-05-11 21:03:56,16.64,67,1018,0.51,20,10000,Clouds,few clouds,2,3.22,6.14,112.58,3.68,90.07,4.15,0.43
Karia Ba Mohamed,2026-05-11 21:03:57,16.89,64,1019,4.01,23,10000,Clouds,few clouds,2,5.04,8.24,99.03,1.32,85.88,1.43,0.34
Fes,2026-05-11 21:03:58,17.14,72,1018,3.09,0,10000,Clear,clear sky,2,4.96,8.39,93.99,1.28,79.26,0.86,0.62
Casablanca,2026-05-12 09:52:09,20.19,56,1022,2.06,40,10000,Clouds,scattered clouds,2,2.53,11.12,106.7,0.44,89.64,1.34,0.04
Tanger,2026-05-12 09:52:11,19.64,60,1022,6.69,40,10000,Clouds,scattered clouds,2,3.87,9.21,107.26,1.44,90.22,4.8,0.01
Karia Ba Mohamed,2026-05-12 09:52:12,21.16,52,1022,2.02,26,10000,Clouds,scattered clouds,2,4.34,7.4,98.47,0.41,89.12,1.79,0
Fes,2026-05-12 09:52:14,19.14,59,1022,2.57,40,10000,Clouds,scattered clouds,2,4.43,7.48,96.41,0.38,86.32,1.44,0
Casablanca,2026-05-12 10:52:16,20.96,60,1022,3.09,40,10000,Clouds,scattered clouds,2,1.95,8.82,104.59,0.23,93.49,0.83,0.05
Tanger,2026-05-12 10:52:17,19.64,64,1022,5.14,40,10000,Clouds,scattered clouds,2,2.98,6.78,104.26,0.67,96.44,3.33,0
Karia Ba Mohamed,2026-05-12 10:52:21,21.67,46,1021,2.61,21,10000,Clouds,few clouds,2,3.61,6.73,96.93,0.22,91.62,1.49,0
Fes,2026-05-12 10:52:22,20.14,52,1022,4.12,40,10000,Clouds,scattered clouds,2,4.09,7.59,95.5,0.21,88.63,1.32,0
Casablanca,2026-05-12 11:52:24,21.85,53,1021,3.09,40,10000,Clouds,scattered clouds,2,1.94,8.57,103.27,0.21,94.6,0.89,0.05
Tanger,2026-05-12 11:52:25,20.64,60,1021,5.14,40,10000,Clouds,scattered clouds,2,3.07,6.59,102.58,0.49,99.34,3.13,0
Karia Ba Mohamed,2026-05-12 11:52:26,22.87,40,1021,3,18,10000,Clouds,few clouds,2,3.51,6.86,96.14,0.18,91.61,1.37,0
Fes,2026-05-12 11:52:28,22.14,43,1021,4.63,75,10000,Clouds,broken clouds,2,4.06,8.01,94.67,0.15,88.5,1.24,0
Casablanca,2026-05-12 12:52:29,20.74,56,1021,4.12,40,10000,Clouds,scattered clouds,2,2.13,8.54,103.87,0.23,97.33,1.34,0.03
Tanger,2026-05-12 12:52:31,20.64,64,1021,6.17,40,10000,Clouds,scattered clouds,3,3.39,6.8,102.72,0.47,103.61,3.34,0
Karia Ba Mohamed,2026-05-12 12:52:32,23.96,37,1020,3.87,3,10000,Clear,clear sky,2,3.2,6.31,96.42,0.17,94.07,1.19,0
Fes,2026-05-12 12:52:34,24.14,35,1020,5.14,75,10000,Clouds,broken clouds,2,3.33,6.9,94.42,0.13,91.26,0.95,0
Casablanca,2026-05-12 13:52:35,21.85,49,1021,4.12,40,10000,Clouds,scattered clouds,3,2.31,7.96,102.7,0.27,100.09,1.91,0
Tanger,2026-05-12 13:52:37,20.64,68,1021,5.66,40,10000,Clouds,scattered clouds,3,3.61,6.73,101.63,0.5,106.54,3.52,0
Karia Ba Mohamed,2026-05-12 13:52:38,24.69,32,1019,3.51,1,10000,Clear,clear sky,2,2.83,5.37,95.13,0.18,95.74,1.02,0.01
Fes,2026-05-12 13:52:39,25.14,33,1019,5.66,75,10000,Clouds,broken clouds,2,2.69,5.54,92.75,0.13,92.72,0.71,0.02
Casablanca,2026-05-12 14:03:08,21.85,49,1021,4.12,40,10000,Clouds,scattered clouds,3,2.31,7.96,102.7,0.27,100.09,1.91,0
Tanger,2026-05-12 14:03:09,20.64,68,1021,5.66,40,10000,Clouds,scattered clouds,3,3.61,6.73,101.63,0.5,106.54,3.52,0
Karia Ba Mohamed,2026-05-12 14:03:11,24.69,32,1019,3.51,1,10000,Clear,clear sky,2,2.83,5.37,95.13,0.18,95.74,1.02,0.01
Fes,2026-05-12 14:03:12,25.14,33,1019,5.66,75,10000,Clouds,broken clouds,2,2.69,5.54,92.75,0.13,92.72,0.71,0.02
Casablanca,2026-05-12 15:03:14,21.85,46,1020,3.09,0,10000,Clear,clear sky,3,2.53,7.6,101.54,0.34,102.17,2.61,0
Tanger,2026-05-12 15:03:16,20.64,64,1020,5.66,40,10000,Clouds,scattered clouds,3,3.91,6.82,100.98,0.57,109,3.85,0
Karia Ba Mohamed,2026-05-12 15:03:18,25.36,30,1018,3.61,1,10000,Clear,clear sky,2,2.74,4.97,94.26,0.21,97.05,1,0.02
Fes,2026-05-12 15:03:19,25.14,31,1018,5.66,75,10000,Clouds,broken clouds,2,2.44,4.93,91.72,0.15,93.7,0.61,0.04
Casablanca,2026-05-12 17:53:20,20.96,56,1020,3.6,0,10000,Clear,clear sky,3,2.85,7.27,104.27,0.83,108.24,4.65,0
Tanger,2026-05-12 17:53:22,19.64,64,1020,5.14,40,10000,Clouds,scattered clouds,3,4.9,7.89,106.17,1.65,111.52,5.28,0
Karia Ba Mohamed,2026-05-12 17:53:23,22.92,41,1018,6.58,1,10000,Clear,clear sky,2,3.33,5.28,96.03,0.55,99.94,1.41,0.11
Fes,2026-05-12 17:53:25,23.14,37,1018,5.14,40,10000,Clouds,scattered clouds,2,2.73,4.73,92.45,0.48,94.21,0.73,0.19
Casablanca,2026-05-12 18:53:28,20.19,60,1021,3.6,0,10000,Clear,clear sky,3,2.59,7.21,104.77,1.31,105.37,5.1,0
Tanger,2026-05-12 18:53:30,18.64,68,1021,4.63,20,10000,Clouds,few clouds,3,4.35,7.29,107.08,2.48,105.76,5.11,0.01
Karia Ba Mohamed,2026-05-12 18:53:31,19.89,50,1019,5.08,0,10000,Clear,clear sky,2,3.53,5.53,96.57,0.8,97.93,1.56,0.15
Fes,2026-05-12 18:53:33,21.14,49,1019,4.63,20,10000,Clouds,few clouds,2,3.04,4.99,92.86,0.83,90.58,0.88,0.33
Casablanca,2026-05-12 19:53:35,19.13,63,1022,3.09,0,10000,Clear,clear sky,3,2.42,7.6,106.91,1.82,102.29,5.61,0.03
Tanger,2026-05-12 19:53:38,17.64,72,1021,3.09,20,10000,Clouds,few clouds,3,3.85,6.84,109.3,3.16,100.63,4.94,0.1
Karia Ba Mohamed,2026-05-12 19:53:40,17.63,55,1020,3.61,0,10000,Clear,clear sky,2,3.72,5.81,97.99,1.06,95.56,1.67,0.24
Fes,2026-05-12 19:53:42,19.14,59,1021,3.6,20,10000,Clouds,few clouds,2,3.43,5.36,93.97,1.19,86.38,1.03,0.52
Casablanca,2026-05-12 20:53:43,18.07,72,1022,2.57,0,10000,Clear,clear sky,2,2.32,8.01,108.8,2.04,99.64,6.08,0.09
Tanger,2026-05-12 20:53:45,16.64,77,1022,2.57,20,10000,Clouds,few clouds,2,3.42,6.53,111.01,3.32,96.8,4.83,0.18
Karia Ba Mohamed,2026-05-12 20:53:47,16.47,60,1022,2.88,0,10000,Clear,clear sky,2,3.89,6.12,99.68,1.27,93.01,1.72,0.35
Fes,2026-05-12 20:53:48,17.14,63,1022,3.09,20,10000,Clouds,few clouds,2,3.82,5.82,95.33,1.48,83.23,1.17,0.71
Casablanca,2026-05-12 21:53:50,18.07,72,1022,2.06,0,10000,Clear,clear sky,2,2.35,8.46,108.68,2.19,95.44,5.97,0.14
Tanger,2026-05-12 21:53:51,16.64,77,1022,2.06,20,10000,Clouds,few clouds,2,3.19,6.4,110.91,3.41,92.51,4.73,0.19
Karia Ba Mohamed,2026-05-12 21:53:53,15.54,64,1022,2.1,0,10000,Clear,clear sky,2,3.88,6.17,99.22,1.62,85.4,1.42,0.51
Fes,2026-05-12 21:53:54,16.14,67,1022,2.57,20,10000,Clouds,few clouds,2,3.99,6.02,94.95,1.79,77.36,1.07,0.92
Casablanca,2026-05-13 11:38:46,20.18,49,1020,3.6,0,10000,Clear,clear sky,3,6.67,14,101.89,0.55,111.13,6.27,0
Tanger,2026-05-13 11:38:48,19.64,64,1020,3.6,40,10000,Clouds,scattered clouds,3,7.63,12.15,103.41,0.95,108.39,6.07,0
Karia Ba Mohamed,2026-05-13 11:38:49,23.48,36,1019,3.03,1,10000,Clear,clear sky,2,4.62,8.24,96.92,0.3,96.02,1.01,0.13
Fes,2026-05-13 11:38:51,23.14,43,1019,2.57,20,10000,Clouds,few clouds,2,4.77,7.81,94.31,0.21,95.06,0.72,0.12
Casablanca,2026-05-13 12:38:52,20.74,56,1020,3.09,0,10000,Clear,clear sky,3,6.95,13.62,102.18,0.47,115.73,6.14,0
Tanger,2026-05-13 12:38:53,19.64,68,1020,3.6,40,10000,Clouds,scattered clouds,3,7.34,11.34,103.23,0.7,112.44,5.52,0
Karia Ba Mohamed,2026-05-13 12:38:55,24.62,29,1018,3.47,0,10000,Clear,clear sky,2,4.33,7.72,96.38,0.24,99.99,0.97,0.05
Fes,2026-05-13 12:38:56,24.14,35,1018,2.57,20,10000,Clouds,few clouds,2,4.44,7.38,94.28,0.19,99.11,0.69,0.07
Casablanca,2026-05-13 13:38:58,20.74,56,1019,3.6,20,10000,Clouds,few clouds,3,6.57,12.61,99.9,0.45,115.2,5.58,0
Tanger,2026-05-13 13:38:59,20.64,60,1019,4.12,40,10000,Clouds,scattered clouds,3,5.99,9.31,101.73,0.63,112.69,5.14,0
Karia Ba Mohamed,2026-05-13 13:39:01,25.2,26,1017,4,0,10000,Clear,clear sky,3,3.39,6.68,94.22,0.23,101.89,0.9,0.04
Fes,2026-05-13 13:39:02,24.14,28,1017,2.57,20,10000,Clouds,few clouds,3,3.81,6.96,92.2,0.19,100.82,0.77,0.06
Casablanca,2026-05-13 14:39:05,20.74,60,1019,3.09,20,10000,Clouds,few clouds,3,6.53,12.24,98.79,0.49,115.26,5.63,0
Tanger,2026-05-13 14:39:07,20.64,60,1019,4.12,40,10000,Clouds,scattered clouds,3,5.82,9.06,101.29,0.67,111.57,5.01,0
Karia Ba Mohamed,2026-05-13 14:39:09,25.58,25,1016,4.08,8,10000,Clear,clear sky,3,3.22,6.37,93.34,0.25,101.5,0.84,0.06
Fes,2026-05-13 14:39:10,25.14,31,1016,3.6,20,10000,Clouds,few clouds,3,3.62,6.59,91.4,0.21,101.09,0.71,0.07
Casablanca,2026-05-14 10:27:28,20.19,64,1014,3.09,75,8000,Clouds,broken clouds,2,4.15,10.83,106.7,1.56,92.37,6.26,0
Tanger,2026-05-14 10:27:30,19.64,73,1014,3.6,75,10000,Clouds,broken clouds,2,3.81,8.06,106.8,2.31,87.16,5.19,0.05
Karia Ba Mohamed,2026-05-14 10:27:31,20.43,55,1014,3.13,96,10000,Clouds,overcast clouds,2,3.09,7.83,98.04,1.22,78.18,0.91,0.53
Fes,2026-05-14 10:27:33,20.14,55,1014,2.06,0,10000,Clear,clear sky,2,3.45,7.04,95.15,0.71,79.38,0.58,0.61
Casablanca,2026-05-14 11:27:34,20.19,60,1015,4.12,75,8000,Clouds,broken clouds,3,4.47,10.31,105,0.93,100.13,6.23,0
Tanger,2026-05-14 11:27:36,19.64,68,1014,4.63,75,10000,Clouds,broken clouds,2,4.29,8.02,105.15,1.34,96.11,5.09,0.01
Karia Ba Mohamed,2026-05-14 11:27:37,21.85,48,1013,4.4,95,10000,Clouds,overcast clouds,2,3.36,8.14,97.84,0.57,88.57,0.87,0.38
Fes,2026-05-14 11:27:38,21.14,49,1014,1.54,0,10000,Clear,clear sky,2,3.86,7.95,95.66,0.38,86.53,0.6,0.46
Casablanca,2026-05-14 12:27:40,19.13,68,1015,3.6,75,8000,Clouds,broken clouds,3,4.6,9.88,103.31,0.66,103.54,6.17,0
Tanger,2026-05-14 12:27:41,19.64,73,1013,6.17,75,10000,Clouds,broken clouds,3,4.76,8.09,104.11,0.93,101.23,5.14,0
Karia Ba Mohamed,2026-05-14 12:27:44,22.66,46,1014,5.01,96,10000,Clouds,overcast clouds,2,3.55,8.39,97.08,0.38,91.32,0.86,0.32
Fes,2026-05-14 12:27:45,21.14,49,1013,2.06,0,10000,Clear,clear sky,2,4.22,8.82,95.29,0.29,89.44,0.62,0.41
Casablanca,2026-05-14 14:34:00,20.19,60,1014,3.6,75,8000,Clouds,broken clouds,3,2.21,5.46,103.13,0.43,104.25,3.09,0
Tanger,2026-05-14 14:34:01,19.64,73,1012,5.14,75,10000,Clouds,broken clouds,3,2.83,5.86,103.45,0.82,104.37,2.88,0
Karia Ba Mohamed,2026-05-14 14:34:02,25.29,38,1010,5.95,8,10000,Clear,clear sky,2,3.93,8.81,96.91,0.35,93.95,1.01,0.19
Fes,2026-05-14 14:34:04,24.14,38,1011,4.12,40,10000,Clouds,scattered clouds,2,4.26,9.2,94.5,0.3,90.88,0.73,0.31
Casablanca,2026-05-14 14:34:31,20.19,60,1014,3.6,75,8000,Clouds,broken clouds,3,2.21,5.46,103.13,0.43,104.25,3.09,0
Tanger,2026-05-14 14:34:32,19.64,73,1012,5.14,75,10000,Clouds,broken clouds,3,2.83,5.86,103.45,0.82,104.37,2.88,0
Karia Ba Mohamed,2026-05-14 14:34:33,25.29,38,1010,5.95,8,10000,Clear,clear sky,2,3.93,8.81,96.91,0.35,93.95,1.01,0.19
Fes,2026-05-14 14:34:35,24.14,38,1011,4.12,40,10000,Clouds,scattered clouds,2,4.26,9.2,94.5,0.3,90.88,0.73,0.31
Casablanca,2026-05-14 15:34:36,19.07,59,1014,3.09,75,8000,Clouds,broken clouds,3,2.21,5.46,103.13,0.43,104.25,3.09,0
Tanger,2026-05-14 15:34:38,20.64,68,1012,5.14,40,10000,Clouds,scattered clouds,3,2.67,5.78,104.45,1.08,103.7,2.87,0
Karia Ba Mohamed,2026-05-14 15:34:40,24.29,39,1011,8.45,9,10000,Clear,clear sky,2,3.95,8.29,97.54,0.4,95.28,1.14,0.14
Fes,2026-05-14 15:34:41,23.14,40,1011,6.69,40,10000,Clouds,scattered clouds,2,4.26,8.69,94.65,0.35,91.16,0.85,0.23
Casablanca,2026-05-14 16:34:43,20.19,60,1014,3.09,40,8000,Clouds,scattered clouds,3,1.76,4.86,104.55,0.59,103.95,2.8,0
Tanger,2026-05-14 16:34:45,19.64,68,1012,5.66,40,10000,Clouds,scattered clouds,3,2.7,5.99,105.52,1.31,103.85,3,0
Karia Ba Mohamed,2026-05-14 16:34:46,23.02,40,1011,8.22,14,10000,Clouds,few clouds,2,3.72,7.2,98.16,0.52,96.49,1.23,0.11
Fes,2026-05-14 16:34:49,24.14,40,1011,5.14,40,10000,Clouds,scattered clouds,2,4.02,7.5,94.87,0.49,91.32,0.98,0.19
Casablanca,2026-05-14 17:34:50,20.19,60,1015,3.09,40,8000,Clouds,scattered clouds,3,1.7,4.98,105.31,0.75,103.29,2.82,0
Tanger,2026-05-14 17:34:52,19.64,73,1012,5.66,75,10000,Clouds,broken clouds,3,2.67,6.08,106.43,1.48,103.56,2.99,0.02
Karia Ba Mohamed,2026-05-14 17:34:53,21.06,48,1012,7.87,11,10000,Clouds,few clouds,2,3.35,6.3,99.04,0.62,97.01,1.31,0.1
Fes,2026-05-14 17:34:55,22.14,46,1012,5.66,40,10000,Clouds,scattered clouds,2,3.65,6.41,95.5,0.65,91.14,1.12,0.15
Casablanca,2026-05-14 19:02:01,19.13,63,1015,2.57,40,8000,Clouds,scattered clouds,3,1.69,5.29,105.71,1.01,100.97,2.87,0.03
Tanger,2026-05-14 19:02:03,18.64,72,1013,5.66,40,10000,Clouds,scattered clouds,3,2.51,5.91,106.65,1.83,101.13,2.85,0.06
Karia Ba Mohamed,2026-05-14 19:02:04,18.78,58,1013,6.81,0,10000,Clear,clear sky,2,2.94,5.48,98.9,0.78,94.75,1.41,0.13
Fes,2026-05-14 19:02:06,19.14,59,1013,6.17,40,10000,Clouds,scattered clouds,2,3.25,5.47,95.4,0.86,88.9,1.27,0.18
Casablanca,2026-05-14 20:02:07,18.07,63,1015,3.09,40,8000,Clouds,scattered clouds,2,1.77,5.9,107.84,1.27,99.69,3.07,0.09
Tanger,2026-05-14 20:02:09,17.64,72,1013,4.12,40,10000,Clouds,scattered clouds,2,2.35,5.78,108,2.07,98.9,2.77,0.14
Karia Ba Mohamed,2026-05-14 20:02:10,17.24,66,1014,5.94,0,10000,Clear,clear sky,2,2.65,4.91,100.15,0.92,92.53,1.41,0.18
Fes,2026-05-14 20:02:12,17.14,67,1014,6.17,40,10000,Rain,light rain,2,2.94,4.78,96.57,1.04,86.42,1.29,0.24
Casablanca,2026-05-14 21:02:14,18.07,63,1016,2.57,3,10000,Clear,clear sky,2,1.83,6.34,109.73,1.34,98.61,3.17,0.14
Tanger,2026-05-14 21:02:16,17.64,72,1014,3.09,40,10000,Clouds,scattered clouds,2,2.2,5.61,109.35,2.03,97.47,2.66,0.18
Karia Ba Mohamed,2026-05-14 21:02:18,16.43,76,1015,4.72,0,10000,Clear,clear sky,2,2.45,4.54,101.4,1.02,90.63,1.35,0.19
Fes,2026-05-14 21:02:19,17.14,72,1015,5.14,40,10000,Clouds,scattered clouds,2,2.7,4.28,97.74,1.14,84.06,1.22,0.25
Casablanca,2026-05-14 22:02:22,18.07,67,1016,2.06,1,10000,Clear,clear sky,2,1.87,6.69,109.03,1.37,96.19,3.17,0.16
Tanger,2026-05-14 22:02:23,17.64,77,1014,3.6,40,10000,Clouds,scattered clouds,2,2.06,5.2,108.8,1.98,94.76,2.42,0.19
Karia Ba Mohamed,2026-05-14 22:02:25,14.97,81,1015,2.87,0,10000,Clear,clear sky,2,2.3,4.19,100.92,1.07,87.44,1.31,0.18
Fes,2026-05-14 22:02:26,16.14,77,1016,4.12,40,10000,Clouds,scattered clouds,2,2.5,3.86,97.27,1.21,80.6,1.15,0.26
Casablanca,2026-05-15 09:12:58,15.74,87,1015,4.09,64,10000,Clouds,broken clouds,1,4.63,17.18,113,3.52,58.34,1.21,0.82
Tanger,2026-05-15 09:13:00,17.64,68,1013,6.17,40,10000,Clouds,scattered clouds,2,2.76,7.84,111.22,5.01,64.23,1.26,0.83
Karia Ba Mohamed,2026-05-15 09:13:01,18.1,61,1015,4.1,43,10000,Clouds,scattered clouds,2,2.41,4.39,100.39,1.48,77.8,1.22,0.83
Fes,2026-05-15 09:13:03,18.14,55,1015,3.6,75,10000,Clouds,broken clouds,2,2.02,3.35,97.69,1.46,72.03,0.69,0.93
Casablanca,2026-05-15 10:13:04,17.96,77,1016,3.38,71,10000,Clouds,broken clouds,2,4.11,12.66,107.02,1.4,96.05,6.43,0
Tanger,2026-05-15 10:13:07,18.64,63,1013,6.17,40,10000,Clouds,scattered clouds,2,2.27,5.07,105.51,1.25,96.71,2.53,0.06
Karia Ba Mohamed,2026-05-15 10:13:08,19.97,54,1015,4.52,51,10000,Clouds,broken clouds,2,1.6,2.99,98.53,0.54,89.53,0.92,0.17
Fes,2026-05-15 10:13:10,19.14,48,1015,4.63,75,10000,Clouds,broken clouds,2,1.14,2.07,95.49,0.37,87.61,0.41,0.21
Casablanca,2026-05-15 11:07:05,18.07,67,1016,2.06,40,8000,Clouds,scattered clouds,3,3.37,9.1,105.05,0.83,100.45,5.26,0
Tanger,2026-05-15 11:07:07,18.64,63,1013,6.69,40,10000,Clouds,scattered clouds,3,2.12,4.14,103.73,0.72,101.26,2.01,0.03
Karia Ba Mohamed,2026-05-15 11:07:10,21.37,52,1015,5.11,46,10000,Clouds,scattered clouds,2,1.41,2.66,97,0.36,90.83,0.82,0.12
Fes,2026-05-15 11:07:12,18.14,55,1015,5.14,75,10000,Clouds,broken clouds,2,0.96,1.89,94.18,0.24,88.47,0.36,0.15
Casablanca,2026-05-15 12:07:13,19.13,55,1015,3.09,40,10000,Clouds,scattered clouds,3,3.2,7.89,103.61,0.62,102.33,4.74,0
Tanger,2026-05-15 12:07:15,19.64,60,1013,6.17,40,10000,Clouds,scattered clouds,3,2.31,4.29,102.92,0.61,103.34,1.95,0.02
Karia Ba Mohamed,2026-05-15 12:07:16,21.3,49,1014,5.95,41,10000,Clouds,scattered clouds,2,1.57,2.94,96.07,0.3,91.7,0.9,0.12
Fes,2026-05-15 12:07:17,19.14,52,1014,5.66,75,10000,Clouds,broken clouds,2,1.07,2.19,93.2,0.2,88.42,0.43,0.16
Casablanca,2026-05-15 13:07:19,20.18,52,1015,2.68,0,10000,Clear,clear sky,3,2.95,6.91,104.25,0.57,104.22,4.16,0
Tanger,2026-05-15 13:07:20,19.64,60,1013,6.17,40,10000,Clouds,scattered clouds,3,2.51,4.73,103.39,0.58,105.64,1.99,0.01
Karia Ba Mohamed,2026-05-15 13:07:21,22.18,46,1014,5.19,28,10000,Clouds,scattered clouds,2,1.79,3.25,96.76,0.27,94.74,1,0.09
Fes,2026-05-15 13:07:23,20.14,48,1014,4.63,75,10000,Clouds,broken clouds,2,1.29,2.55,93.77,0.18,90.6,0.55,0.13
Casablanca,2026-05-15 14:14:32,20.19,56,1015,4.12,40,10000,Clouds,scattered clouds,3,2.24,5.15,103.21,0.5,104.63,2.94,0
Tanger,2026-05-15 14:14:35,19.64,56,1013,7.2,40,10000,Clouds,scattered clouds,3,2.59,4.93,103.31,0.63,106.11,2.03,0.01
Karia Ba Mohamed,2026-05-15 14:14:37,23.08,41,1013,6.07,17,10000,Clouds,few clouds,2,2.15,3.81,96.9,0.36,96.04,1.45,0.04
Fes,2026-05-15 14:14:40,22.14,43,1013,6.17,75,10000,Clouds,broken clouds,2,1.81,3.34,94.15,0.29,91.8,1.05,0.08
Casablanca,2026-05-15 15:14:42,20.18,56,1014,4.02,0,10000,Clear,clear sky,3,2.17,5.05,103.51,0.56,104.22,2.67,0
Tanger,2026-05-15 15:14:44,18.64,63,1012,7.2,40,10000,Clouds,scattered clouds,3,2.58,5.02,103.42,0.66,105.9,1.99,0.01
Karia Ba Mohamed,2026-05-15 15:14:45,23.43,37,1012,6.24,11,10000,Clouds,few clouds,2,2.28,3.94,96.43,0.36,96.95,1.48,0.04
Fes,2026-05-15 15:14:46,21.14,42,1013,5.66,75,10000,Clouds,broken clouds,2,2.04,3.54,93.74,0.31,92.59,1.19,0.07
Casablanca,2026-05-15 18:28:18,18.07,67,1015,4.12,40,10000,Clouds,scattered clouds,3,1.76,4.24,106.9,0.95,101.56,2.6,0.02
Tanger,2026-05-15 18:28:20,17.64,68,1013,3.6,20,10000,Clouds,few clouds,3,2.35,5.39,107.63,1.61,103.45,2.49,0.06
Karia Ba Mohamed,2026-05-15 18:28:21,20.44,48,1013,7,6,10000,Clear,clear sky,2,2.58,4.87,98.47,0.72,98.82,1.55,0.11
Fes,2026-05-15 18:28:23,19.14,52,1013,5.14,40,10000,Clouds,scattered clouds,2,2.64,4.28,94.72,0.71,94.82,1.48,0.15
Casablanca,2026-05-15 19:28:23,18.07,63,1015,3.09,40,10000,Clouds,scattered clouds,2,1.84,4.89,107.99,1.22,99.81,2.88,0.04
Tanger,2026-05-15 19:28:24,16.64,67,1014,4.12,20,10000,Clouds,few clouds,3,2.28,5.72,108.48,1.98,100.95,2.56,0.11
Karia Ba Mohamed,2026-05-15 19:28:26,18.2,56,1014,6.44,2,10000,Clear,clear sky,2,2.51,5.11,98.88,0.83,96.95,1.49,0.16
Fes,2026-05-15 19:28:27,18.14,55,1015,4.63,40,10000,Clouds,scattered clouds,2,2.65,4.6,95,0.88,93.04,1.44,0.21
Casablanca,2026-05-15 20:28:28,17.02,72,1016,3.09,13,10000,Clouds,few clouds,2,2.13,6.16,109.98,1.44,98.59,3.46,0.07
Tanger,2026-05-15 20:28:30,16.64,72,1014,2.57,40,10000,Clouds,scattered clouds,2,2.42,6.26,109.87,2.14,99.47,2.56,0.16
Karia Ba Mohamed,2026-05-15 20:28:31,16.39,65,1015,5.39,1,10000,Clear,clear sky,2,2.4,5.3,100.26,0.91,94.98,1.36,0.23
Fes,2026-05-15 20:28:33,16.14,67,1016,4.63,40,10000,Clouds,scattered clouds,2,2.56,4.86,96.15,1.01,90.84,1.31,0.29
Casablanca,2026-05-15 21:28:34,17.02,72,1016,3.6,10,10000,Clear,clear sky,2,2.5,7.28,111.72,1.49,98.27,3.8,0.08
Tanger,2026-05-15 21:28:36,16.64,72,1014,3.09,75,10000,Clouds,broken clouds,2,2.68,6.89,110.82,2.08,98.96,2.48,0.18
Karia Ba Mohamed,2026-05-15 21:28:37,15.02,74,1016,3.4,1,10000,Clear,clear sky,2,2.28,5.44,101.81,0.96,93.49,1.22,0.27
Fes,2026-05-15 21:28:39,15.14,77,1016,4.12,40,10000,Clouds,scattered clouds,2,2.42,5.01,97.64,1.08,89.03,1.12,0.32
Casablanca,2026-05-15 22:28:40,17.02,67,1016,3.6,7,10000,Clear,clear sky,2,2.95,8.42,111.53,1.59,96.97,3.94,0.09
Tanger,2026-05-15 22:28:41,16.64,72,1015,2.57,40,10000,Clouds,scattered clouds,2,2.93,7.55,109.8,2.02,98.02,2.36,0.18
Karia Ba Mohamed,2026-05-15 22:28:43,14.14,78,1016,2.01,2,10000,Clear,clear sky,2,2.19,5.47,101.98,1.02,90.35,1.05,0.29
Fes,2026-05-15 22:28:44,14.14,82,1017,3.09,40,10000,Clouds,scattered clouds,2,2.25,4.97,97.87,1.1,86.12,0.95,0.32
Casablanca,2026-05-16 09:28:58,16.19,88,1016,1.54,75,3000,Rain,moderate rain,2,5.51,17.28,108.53,3.16,67.66,1.8,0.42
Tanger,2026-05-16 09:28:59,20.64,52,1016,2.06,20,10000,Clouds,few clouds,2,3.81,11.71,104.4,2.62,82.07,1.56,0.4
Karia Ba Mohamed,2026-05-16 09:29:01,16.55,76,1017,1.37,78,10000,Rain,light rain,2,2.59,5.96,101.67,1.43,68.42,0.63,0.5
Fes,2026-05-16 09:29:02,14.14,88,1017,2.06,75,10000,Clouds,broken clouds,2,1.92,4.06,99.09,1.61,63.4,0.52,0.7
Casablanca,2026-05-16 10:29:04,17.19,88,1016,1.54,75,3000,Rain,moderate rain,2,4.47,13.29,105.76,1.86,91.34,4.09,0
Tanger,2026-05-16 10:29:06,21.64,49,1016,2.06,20,10000,Clouds,few clouds,2,3.49,9.59,103.16,1.27,92.23,2.18,0.11
Karia Ba Mohamed,2026-05-16 10:29:07,17.76,67,1017,1.65,80,10000,Clouds,broken clouds,2,1.96,4.42,101.49,0.63,90.44,0.74,0.16
Fes,2026-05-16 10:29:09,15.14,82,1017,1.03,75,10000,Clouds,broken clouds,2,1.62,3.21,98.68,1.14,76.33,0.55,0.48
Casablanca,2026-05-16 11:29:11,17.19,88,1016,1.54,75,6000,Clouds,broken clouds,2,3.73,10.04,104.36,1.43,92.17,3.4,0
Tanger,2026-05-16 11:29:13,21.64,60,1016,4.12,40,10000,Rain,light rain,2,3.18,7.8,102.24,0.95,93.89,1.88,0.09
Karia Ba Mohamed,2026-05-16 11:29:14,19.22,58,1017,1.87,81,10000,Clouds,broken clouds,2,1.51,3.17,99.98,0.44,94.13,0.54,0.12
Fes,2026-05-16 11:29:17,16.14,72,1017,2.06,75,10000,Clouds,broken clouds,2,1.36,2.44,97.21,0.88,78.58,0.38,0.33
Casablanca,2026-05-16 12:33:21,18.19,88,1016,1.03,75,6000,Clouds,broken clouds,2,3.14,7.39,103.56,0.95,92.83,2.97,0
Tanger,2026-05-16 12:33:23,21.64,56,1016,5.14,40,10000,Rain,light rain,2,3.39,7.03,102.31,0.79,95.46,1.93,0.1
Karia Ba Mohamed,2026-05-16 12:33:24,21.69,47,1016,0.54,15,10000,Clouds,few clouds,2,1.31,2.6,98.72,0.28,97.45,0.41,0.13
Fes,2026-05-16 12:33:26,18.14,63,1016,1.54,75,10000,Clouds,broken clouds,2,1.07,1.77,96.07,0.27,91.68,0.27,0.14
Casablanca,2026-05-16 13:33:27,19.19,77,1016,1.54,75,6000,Clouds,broken clouds,2,2.87,6.57,102.85,0.78,93.34,2.8,0.01
Tanger,2026-05-16 13:33:29,21.64,60,1015,5.14,40,10000,Clouds,scattered clouds,2,3.03,5.75,101.84,0.73,97.07,1.93,0.13
Karia Ba Mohamed,2026-05-16 13:33:30,22.68,42,1015,0.97,0,10000,Clear,clear sky,2,1.21,2.34,96.86,0.25,96.19,0.34,0.14
Fes,2026-05-16 13:33:31,19.14,55,1016,2.06,75,10000,Clouds,broken clouds,2,1.02,1.7,94.7,0.23,91.04,0.24,0.15
Casablanca,2026-05-16 14:33:33,19.19,77,1016,3.09,75,6000,Clouds,broken clouds,2,2.55,5.95,102.48,0.75,92.57,2.57,0.03
Tanger,2026-05-16 14:33:34,21.64,60,1015,5.14,20,10000,Clouds,few clouds,2,3.23,6.06,101.92,0.76,97.12,2,0.14
Karia Ba Mohamed,2026-05-16 14:33:36,23,39,1014,1.54,0,10000,Clear,clear sky,2,1.26,2.42,95.99,0.26,96.26,0.38,0.16
Fes,2026-05-16 14:33:37,20.14,45,1015,2.57,75,10000,Clouds,broken clouds,2,1,1.68,94.16,0.23,91.38,0.23,0.16
Casablanca,2026-05-16 15:39:06,20.19,73,1016,3.09,75,6000,Clouds,broken clouds,2,2.44,6.37,102.45,0.76,92.1,2.36,0.04
Tanger,2026-05-16 15:39:08,21.64,60,1015,4.12,40,10000,Rain,light rain,2,3.5,6.62,102.46,1,96.92,2.23,0.18
Karia Ba Mohamed,2026-05-16 15:39:09,23.28,40,1014,5.94,9,10000,Clear,clear sky,2,1.44,2.73,96.2,0.35,96.22,0.45,0.2
Fes,2026-05-16 15:39:11,21.14,42,1015,2.06,75,10000,Clouds,broken clouds,2,1.05,1.84,94.37,0.31,91.41,0.25,0.2
Casablanca,2026-05-16 16:39:12,20.19,68,1016,2.57,75,8000,Clouds,broken clouds,2,2.56,7.32,102.76,0.84,92.36,2.65,0.06
Tanger,2026-05-16 16:39:14,21.64,64,1015,4.12,40,10000,Clouds,scattered clouds,2,3.85,7.4,103.56,1.44,96.25,2.51,0.25
Karia Ba Mohamed,2026-05-16 16:39:15,21.95,45,1015,7.94,22,10000,Clouds,few clouds,2,1.69,3.17,96.24,0.54,94.16,0.53,0.29
Fes,2026-05-16 16:39:17,22.14,40,1015,1.54,75,10000,Clouds,broken clouds,2,1.16,2.1,94.29,0.48,89.15,0.27,0.3
Casablanca,2026-05-16 17:39:19,19.19,72,1016,3.09,75,8000,Clouds,broken clouds,2,2.79,8.47,103.6,1,93.31,3.05,0.07
Tanger,2026-05-16 17:39:20,20.64,68,1015,3.09,40,10000,Clouds,scattered clouds,2,4.13,7.97,104.58,1.82,95.65,2.66,0.31
Karia Ba Mohamed,2026-05-16 17:39:22,20.84,49,1015,6.27,29,10000,Clouds,scattered clouds,2,1.91,3.54,95.96,0.7,91.8,0.57,0.38
Fes,2026-05-16 17:39:23,21.14,42,1015,2.06,75,10000,Clouds,broken clouds,2,1.26,2.3,93.81,0.63,86.81,0.3,0.39
Casablanca,2026-05-16 18:39:26,19.19,68,1016,2.57,75,8000,Clouds,broken clouds,2,3.23,10.48,104.93,1.38,94,3.75,0.11
Tanger,2026-05-16 18:39:28,19.64,73,1016,2.57,20,10000,Clouds,few clouds,2,4.43,9.11,105.37,2.18,94.56,2.72,0.39
Karia Ba Mohamed,2026-05-16 18:39:31,19.75,53,1015,2.17,100,10000,Clouds,overcast clouds,2,2.1,3.85,95.9,0.86,88.37,0.59,0.49
Fes,2026-05-16 18:39:33,21.14,42,1016,1.03,40,10000,Clouds,scattered clouds,2,1.39,2.5,93.76,0.85,83.33,0.31,0.53
Casablanca,2026-05-17 12:38:05,19.19,68,1019,3.6,75,6000,Clouds,broken clouds,3,5.68,14.64,103.54,0.75,104.25,4.67,0.01
Tanger,2026-05-17 12:38:06,19.64,73,1017,5.66,40,10000,Clouds,scattered clouds,3,6.42,14.61,103.39,0.91,104.13,3.63,0.19
Karia Ba Mohamed,2026-05-17 12:38:08,24.24,46,1016,3.95,100,10000,Clouds,overcast clouds,2,2.74,5.35,94.92,0.22,91.64,0.42,0.34
Fes,2026-05-17 12:38:09,22.14,52,1017,4.63,40,10000,Clouds,scattered clouds,2,2.26,4.02,91.68,0.16,90.46,0.29,0.23
Casablanca,2026-05-17 13:38:11,19.13,68,1019,4.12,75,6000,Clouds,broken clouds,2,4.1,11.38,102.14,1.06,98.12,4.06,0.06
Tanger,2026-05-17 13:38:12,20.64,64,1017,4.63,40,10000,Clouds,scattered clouds,3,5.07,11.22,102.2,1.08,101.28,3.09,0.19
Karia Ba Mohamed,2026-05-17 13:38:14,23.41,42,1016,4.67,100,10000,Clouds,overcast clouds,2,2.89,5.48,94.19,0.23,92.8,0.52,0.3
Fes,2026-05-17 13:38:15,22.14,49,1016,4.12,40,10000,Clouds,scattered clouds,2,2.09,3.6,90.77,0.16,92.36,0.27,0.21
Casablanca,2026-05-17 14:38:17,19.19,63,1018,3.6,75,8000,Clouds,broken clouds,2,3.75,10.88,101.22,1.05,98.44,4.05,0.04
Tanger,2026-05-17 14:38:18,19.64,68,1017,5.14,40,10000,Clouds,scattered clouds,3,4.64,10.52,101.21,1.1,101.53,2.94,0.16
Karia Ba Mohamed,2026-05-17 14:38:20,23.28,44,1015,6.69,100,10000,Clouds,overcast clouds,2,2.97,5.62,93.93,0.26,92.41,0.57,0.31
Fes,2026-05-17 14:38:21,22.14,49,1016,3.09,75,10000,Clouds,broken clouds,2,2.21,3.81,90.54,0.19,91.86,0.31,0.23
Casablanca,2026-05-17 15:38:23,19.19,63,1018,4.12,75,8000,Clouds,broken clouds,2,3.58,11.24,101.04,1.16,99.65,4.17,0.03
Tanger,2026-05-17 15:38:24,20.64,52,1017,5.66,75,10000,Clouds,broken clouds,3,4.35,10.85,101.02,1.44,102.06,3.03,0.17
Karia Ba Mohamed,2026-05-17 15:38:25,23.57,44,1015,5.98,100,10000,Clouds,overcast clouds,2,3.13,5.93,94.77,0.36,92.43,0.68,0.35
Fes,2026-05-17 15:38:27,22.14,49,1016,4.63,75,10000,Clouds,broken clouds,2,2.47,4.26,91.33,0.28,91.12,0.39,0.29
Casablanca,2026-05-17 16:38:28,19.19,63,1018,4.12,75,8000,Clouds,broken clouds,2,3.58,11.24,101.04,1.16,99.65,4.17,0.03
Tanger,2026-05-17 16:38:29,18.64,63,1016,5.14,75,10000,Clouds,broken clouds,3,4.26,11.69,101.81,2.03,102.49,3.23,0.21
Karia Ba Mohamed,2026-05-17 16:38:31,23.73,44,1015,4.08,100,10000,Clouds,overcast clouds,2,3.29,6.39,95.31,0.56,90.82,0.81,0.42
Fes,2026-05-17 16:38:32,22.14,49,1015,4.63,75,10000,Clouds,broken clouds,2,2.74,4.78,91.96,0.46,88.61,0.51,0.38
Casablanca,2026-05-17 17:38:33,19.13,63,1018,3.6,75,8000,Clouds,broken clouds,3,3.58,12.88,101.65,1.59,102.07,4.61,0.04
Tanger,2026-05-17 17:38:35,18.64,63,1017,4.12,75,10000,Clouds,broken clouds,3,4.1,11.76,102.78,2.39,103.23,3.23,0.24
Karia Ba Mohamed,2026-05-17 17:38:37,22.09,51,1015,7.54,100,10000,Clouds,overcast clouds,2,3.31,6.82,95.85,0.78,88.77,0.92,0.49
Fes,2026-05-17 17:38:38,21.14,52,1016,5.14,75,10000,Clouds,broken clouds,2,2.77,5.03,92.59,0.69,85.69,0.61,0.47
Casablanca,2026-05-17 18:38:40,18.19,63,1018,2.57,75,8000,Clouds,broken clouds,3,3.59,13.11,101.5,1.77,102.22,4.6,0.06
Tanger,2026-05-17 18:38:43,18.64,68,1017,3.6,75,10000,Clouds,broken clouds,3,3.85,11.12,102.81,2.45,103.23,3.09,0.25
Karia Ba Mohamed,2026-05-17 18:38:46,19.62,56,1016,6.28,100,10000,Clouds,overcast clouds,2,3.32,7.32,96.04,0.97,86.63,0.97,0.54
Fes,2026-05-17 18:38:48,20.14,59,1017,5.66,75,10000,Clouds,broken clouds,2,2.7,5.24,92.99,0.99,81.21,0.66,0.6
Casablanca,2026-05-17 19:38:49,18.07,67,1019,2.57,75,8000,Clouds,broken clouds,3,3.69,13.46,102.49,1.87,102.91,4.58,0.1
Tanger,2026-05-17 19:38:51,17.64,72,1018,3.6,40,10000,Clouds,scattered clouds,3,3.66,10.44,103.56,2.33,103.56,2.97,0.23
Karia Ba Mohamed,2026-05-17 19:38:52,18.12,60,1017,4.56,59,10000,Clouds,broken clouds,2,3.44,8.02,97.44,1.11,85.58,0.96,0.57
Fes,2026-05-17 19:38:53,19.14,59,1018,5.14,75,10000,Clouds,broken clouds,2,2.72,5.68,94.28,1.26,77.09,0.66,0.66
Casablanca,2026-05-17 20:38:55,17.02,67,1020,2.57,63,10000,Clouds,broken clouds,3,3.67,13.33,103.49,1.79,103.37,4.47,0.12
Tanger,2026-05-17 20:38:56,16.64,77,1019,3.09,40,10000,Clouds,scattered clouds,3,3.49,9.83,104.13,2.15,103.51,2.89,0.2
Karia Ba Mohamed,2026-05-17 20:38:58,16.99,66,1019,3.52,58,10000,Clouds,broken clouds,2,3.6,8.7,99.01,1.2,85.29,0.91,0.54
Fes,2026-05-17 20:38:59,18.14,63,1019,4.63,75,10000,Clouds,broken clouds,2,2.79,6.2,95.67,1.42,74.58,0.61,0.61
Casablanca,2026-05-17 21:39:01,17.02,67,1020,2.57,50,10000,Clouds,scattered clouds,3,3.58,12.91,103.31,1.71,102.12,4.14,0.13
Tanger,2026-05-17 21:39:03,15.64,77,1019,2.57,40,10000,Clouds,scattered clouds,3,3.35,9.28,103.35,2.08,101.14,2.79,0.2
Karia Ba Mohamed,2026-05-17 21:39:07,15.99,73,1019,2.73,56,10000,Clouds,broken clouds,2,3.62,8.85,98.09,1.29,81.35,0.76,0.45
Fes,2026-05-17 21:39:11,16.14,72,1019,2.57,75,10000,Clouds,broken clouds,2,2.78,6.29,94.53,1.54,69.53,0.48,0.54
