timestamp,timestamp_hour,city,lat,lon,temperature,feels_like,humidity,pressure,wind_speed,wind_deg,clouds,weather_main,weather_description,aqi,co,no,no2,o3,so2,pm2_5,pm10,nh3
2026-09-20 09:42:43,2026-09-20 09:00:00,Agadir,30.4278,-9.5981,21.06,21.57,90,1018,3.6,190,77,Clouds,broken clouds,3,137.33,0.07,1.34,71.05,0.34,24.77,78.0,0.0
2026-09-20 09:42:16,2026-09-20 09:00:00,Casablanca,33.5731,-7.5898,23.95,24.44,78,1017,1.54,190,0,Clear,clear sky,2,118.78,0.81,3.66,52.0,1.45,21.97,49.46,0.0
2026-09-20 09:42:36,2026-09-20 09:00:00,Fes,34.0331,-5.0003,25.08,25.13,57,1020,2.57,60,11,Clouds,few clouds,1,77.82,0.51,1.2,32.42,0.11,4.38,12.38,0.34
2026-09-20 09:42:56,2026-09-20 09:00:00,Karia Ba Mohamed,34.3667,-5.2139,26.55,26.55,53,1019,5.34,101,1,Clear,clear sky,1,80.73,0.86,1.97,31.47,0.2,4.02,11.22,0.37
2026-09-20 09:42:30,2026-09-20 09:00:00,Marrakech,31.6295,-7.9811,26.98,27.85,57,1018,1.54,250,31,Clouds,scattered clouds,3,91.99,0.24,1.12,47.18,0.14,23.25,78.48,0.33
2026-09-20 09:42:23,2026-09-20 09:00:00,Rabat,34.0209,-6.8416,27.37,28.31,57,1017,0.0,0,0,Clear,clear sky,2,107.4,1.24,5.01,46.28,1.54,12.19,27.9,0.45
2026-09-20 09:42:50,2026-09-20 09:00:00,Tanger,35.7595,-5.834,26.74,28.08,65,1019,11.83,80,28,Clouds,scattered clouds,2,116.7,0.78,3.21,69.14,1.0,5.27,13.68,0.29
2026-09-20 10:00:28,2026-09-20 10:00:00,Agadir,30.4278,-9.5981,23.06,23.56,82,1018,2.89,192,80,Clouds,broken clouds,3,135.09,0.11,1.15,73.79,0.35,24.69,80.83,0.0
2026-09-20 10:00:07,2026-09-20 10:00:00,Casablanca,33.5731,-7.5898,26.84,27.95,61,1017,1.03,0,0,Clear,clear sky,3,111.18,0.27,1.52,91.02,4.43,20.91,58.62,0.0
2026-09-20 10:00:23,2026-09-20 10:00:00,Fes,34.0331,-5.0003,28.08,28.03,44,1020,3.6,0,6,Clear,clear sky,2,79.03,0.05,0.23,73.06,0.31,6.82,24.63,0.02
2026-09-20 10:00:39,2026-09-20 10:00:00,Karia Ba Mohamed,34.3667,-5.2139,28.95,28.74,42,1019,5.48,102,1,Clear,clear sky,2,80.69,0.07,0.31,74.77,0.32,6.7,24.39,0.03
2026-09-20 10:00:17,2026-09-20 10:00:00,Marrakech,31.6295,-7.9811,29.98,31.18,51,1018,1.54,0,57,Clouds,broken clouds,4,90.44,0.04,0.18,57.61,0.04,23.56,104.06,0.09
2026-09-20 10:00:12,2026-09-20 10:00:00,Rabat,34.0209,-6.8416,29.25,29.74,48,1017,0.0,0,0,Clear,clear sky,2,102.15,0.33,1.89,86.42,4.14,13.96,40.3,0.01
2026-09-20 10:00:34,2026-09-20 10:00:00,Tanger,35.7595,-5.834,26.74,28.08,65,1019,14.92,80,23,Clouds,few clouds,2,114.47,0.4,1.91,80.78,1.47,5.28,14.44,0.19
2026-09-20 13:30:57,2026-09-20 13:00:00,Agadir,30.4278,-9.5981,30.06,33.57,63,1017,2.47,280,73,Clouds,broken clouds,3,122.95,0.06,0.92,83.43,0.27,18.5,63.86,0.0
2026-09-20 13:30:36,2026-09-20 13:00:00,Casablanca,33.5731,-7.5898,32.01,31.48,35,1017,2.06,360,73,Clouds,broken clouds,3,91.21,0.05,0.35,91.52,2.35,16.64,65.12,0.0
2026-09-20 13:30:52,2026-09-20 13:00:00,Fes,34.0331,-5.0003,33.08,31.96,29,1018,4.12,60,24,Clouds,few clouds,2,78.52,0.03,0.14,73.69,0.34,10.68,42.74,0.0
2026-09-20 13:31:08,2026-09-20 13:00:00,Karia Ba Mohamed,34.3667,-5.2139,34.4,32.61,22,1017,2.83,107,15,Clouds,few clouds,2,81.0,0.03,0.19,75.92,0.54,11.51,46.28,0.0
2026-09-20 13:30:47,2026-09-20 13:00:00,Marrakech,31.6295,-7.9811,35.98,35.66,28,1017,3.6,310,40,Clouds,scattered clouds,3,88.67,0.03,0.11,63.52,0.02,21.69,95.56,0.03
2026-09-20 13:30:42,2026-09-20 13:00:00,Rabat,34.0209,-6.8416,30.37,31.78,51,1017,3.09,320,0,Clear,clear sky,3,89.9,0.08,0.5,92.62,2.28,13.96,52.59,0.0
2026-09-20 13:31:02,2026-09-20 13:00:00,Tanger,35.7595,-5.834,28.74,30.32,58,1020,13.38,80,27,Clouds,scattered clouds,3,116.42,0.15,0.9,105.41,2.61,8.86,18.41,0.01
2026-09-20 17:21:26,2026-09-20 17:00:00,Agadir,30.4278,-9.5981,28.06,29.1,56,1015,2.74,313,17,Clouds,few clouds,3,126.68,0.08,1.45,87.33,0.31,16.01,51.16,0.11
2026-09-20 17:21:04,2026-09-20 17:00:00,Casablanca,33.5731,-7.5898,26.01,26.01,78,1018,2.57,20,67,Clouds,broken clouds,3,90.97,0.06,0.79,92.13,3.26,18.0,72.6,0.0
2026-09-20 17:21:20,2026-09-20 17:00:00,Fes,34.0331,-5.0003,34.08,32.49,24,1019,3.09,60,12,Clouds,few clouds,2,79.29,0.03,0.34,73.97,0.64,11.52,44.66,0.01
2026-09-20 17:21:36,2026-09-20 17:00:00,Karia Ba Mohamed,34.3667,-5.2139,32.75,31.21,26,1017,1.99,45,30,Clouds,scattered clouds,2,82.69,0.04,0.5,79.89,1.26,12.73,47.07,0.0
2026-09-20 17:21:15,2026-09-20 17:00:00,Marrakech,31.6295,-7.9811,35.98,35.22,26,1017,3.6,290,54,Clouds,broken clouds,3,88.68,0.04,0.31,65.77,0.06,19.95,85.52,0.06
2026-09-20 17:21:10,2026-09-20 17:00:00,Rabat,34.0209,-6.8416,28.37,29.3,54,1017,1.54,320,1,Clear,clear sky,3,99.86,0.18,2.13,104.49,4.49,13.5,38.58,0.0
2026-09-20 17:21:31,2026-09-20 17:00:00,Tanger,35.7595,-5.834,27.74,28.78,57,1018,13.38,90,28,Clouds,scattered clouds,3,121.63,0.17,1.72,100.83,1.65,8.51,19.24,0.01
2026-09-20 20:32:45,2026-09-20 20:00:00,Agadir,30.4278,-9.5981,23.06,23.59,83,1018,3.72,169,43,Clouds,scattered clouds,3,125.81,0.0,1.57,80.07,0.29,16.21,50.17,0.22
2026-09-20 20:32:24,2026-09-20 20:00:00,Casablanca,33.5731,-7.5898,25.0,25.72,83,1019,0.51,0,2,Clear,clear sky,2,102.38,0.0,2.06,93.13,5.14,12.66,43.23,0.0
2026-09-20 20:32:40,2026-09-20 20:00:00,Fes,34.0331,-5.0003,27.08,26.73,36,1021,1.54,120,2,Clear,clear sky,2,83.78,0.0,1.1,73.62,1.74,11.06,33.13,0.13
2026-09-20 20:32:56,2026-09-20 20:00:00,Karia Ba Mohamed,34.3667,-5.2139,26.87,26.92,43,1020,4.83,82,0,Clear,clear sky,2,91.4,0.0,2.01,78.48,2.78,13.16,35.5,0.11
2026-09-20 20:32:35,2026-09-20 20:00:00,Marrakech,31.6295,-7.9811,31.98,30.68,29,1020,4.12,360,13,Clouds,few clouds,3,94.48,0.0,1.45,58.51,0.24,21.51,81.51,0.27
2026-09-20 20:32:29,2026-09-20 20:00:00,Rabat,34.0209,-6.8416,22.37,22.96,88,1019,0.0,0,3,Clear,clear sky,2,120.18,0.0,5.2,95.07,5.97,15.31,29.31,0.0
2026-09-20 20:32:50,2026-09-20 20:00:00,Tanger,35.7595,-5.834,25.74,26.17,69,1020,11.32,80,20,Clouds,few clouds,2,127.63,0.0,2.97,82.41,1.01,8.45,20.27,0.1
2026-09-20 23:05:03,2026-09-20 23:00:00,Agadir,30.4278,-9.5981,21.06,21.55,89,1019,3.54,121,16,Clouds,few clouds,2,120.3,0.0,1.59,73.99,0.26,14.38,44.41,0.34
2026-09-20 23:04:40,2026-09-20 23:00:00,Casablanca,33.5731,-7.5898,25.0,25.59,78,1019,0.0,0,0,Clear,clear sky,2,104.06,0.0,2.39,84.45,4.65,11.49,34.69,0.0
2026-09-20 23:04:57,2026-09-20 23:00:00,Fes,34.0331,-5.0003,25.08,25.21,60,1022,2.06,60,0,Clear,clear sky,2,84.26,0.0,1.5,60.22,1.36,10.39,26.0,0.32
2026-09-20 23:05:14,2026-09-20 23:00:00,Karia Ba Mohamed,34.3667,-5.2139,25.54,25.56,54,1021,4.69,98,0,Clear,clear sky,2,92.51,0.0,2.37,65.52,2.24,12.67,29.79,0.29
2026-09-20 23:04:51,2026-09-20 23:00:00,Marrakech,31.6295,-7.9811,29.98,28.73,30,1021,3.09,50,9,Clear,clear sky,3,94.04,0.0,1.78,52.35,0.27,21.43,76.66,0.41
2026-09-20 23:04:46,2026-09-20 23:00:00,Rabat,34.0209,-6.8416,20.37,20.92,94,1019,0.0,0,0,Clear,clear sky,2,119.9,0.0,5.03,86.86,5.44,16.56,30.31,0.0
2026-09-20 23:05:08,2026-09-20 23:00:00,Tanger,35.7595,-5.834,24.74,25.18,73,1021,12.86,80,6,Clear,clear sky,2,129.04,0.0,3.09,74.1,0.86,9.51,21.14,0.1
2026-09-21 04:07:18,2026-09-21 04:00:00,Agadir,30.4278,-9.5981,22.06,22.12,69,1018,0.59,102,87,Clouds,overcast clouds,3,111.55,0.0,0.87,63.67,0.18,14.49,52.39,0.52
2026-09-21 04:06:58,2026-09-21 04:00:00,Casablanca,33.5731,-7.5898,22.89,23.53,88,1018,0.51,0,0,Clear,clear sky,2,105.64,0.0,1.53,70.05,2.76,13.13,37.43,0.0
2026-09-21 04:07:13,2026-09-21 04:00:00,Fes,34.0331,-5.0003,20.08,19.92,68,1022,1.54,110,0,Clear,clear sky,1,81.63,0.0,1.29,37.03,0.32,8.07,18.75,0.57
2026-09-21 04:07:29,2026-09-21 04:00:00,Karia Ba Mohamed,34.3667,-5.2139,23.06,23.09,64,1020,4.0,105,0,Clear,clear sky,2,89.04,0.0,1.66,44.94,0.99,10.35,24.11,0.6
2026-09-21 04:07:08,2026-09-21 04:00:00,Marrakech,31.6295,-7.9811,27.98,27.58,39,1019,0.51,0,21,Clouds,few clouds,3,92.98,0.0,1.24,47.39,0.19,20.13,67.89,0.64
2026-09-21 04:07:03,2026-09-21 04:00:00,Rabat,34.0209,-6.8416,18.37,18.72,94,1018,0.0,0,0,Clear,clear sky,2,112.82,0.0,2.14,74.55,5.25,15.62,30.6,0.0
2026-09-21 04:07:23,2026-09-21 04:00:00,Tanger,35.7595,-5.834,24.74,25.07,69,1020,12.86,80,5,Clear,clear sky,2,128.81,0.0,2.5,60.41,1.56,11.81,23.44,0.35
2026-09-21 10:30:38,2026-09-21 10:00:00,Agadir,30.4278,-9.5981,34.06,35.53,40,1018,2.93,299,11,Clouds,few clouds,3,109.55,0.27,1.9,72.55,0.39,17.48,68.77,0.88
2026-09-21 10:30:16,2026-09-21 10:00:00,Casablanca,33.5731,-7.5898,30.01,31.22,51,1019,1.03,110,0,Clear,clear sky,3,95.93,0.22,1.18,94.77,2.88,14.89,53.94,0.0
2026-09-21 10:30:32,2026-09-21 10:00:00,Fes,34.0331,-5.0003,29.08,28.88,42,1022,3.09,60,1,Clear,clear sky,3,78.79,0.04,0.16,73.38,0.45,13.91,58.29,0.0
2026-09-21 10:30:49,2026-09-21 10:00:00,Karia Ba Mohamed,34.3667,-5.2139,31.83,31.4,36,1020,3.82,109,0,Clear,clear sky,3,80.68,0.04,0.2,77.0,0.48,14.46,62.12,0.0
2026-09-21 10:30:27,2026-09-21 10:00:00,Marrakech,31.6295,-7.9811,33.98,33.44,31,1021,1.03,0,41,Clouds,scattered clouds,3,87.65,0.03,0.15,71.68,0.05,18.52,85.28,0.14
2026-09-21 10:30:21,2026-09-21 10:00:00,Rabat,34.0209,-6.8416,31.37,31.72,42,1020,0.0,0,0,Clear,clear sky,2,86.68,0.1,0.54,88.89,1.59,11.61,46.19,0.0
2026-09-21 10:30:43,2026-09-21 10:00:00,Tanger,35.7595,-5.834,28.74,29.44,51,1022,10.8,90,18,Clouds,few clouds,2,121.3,0.44,2.19,88.77,3.01,9.48,24.08,0.09
2026-09-21 16:53:08,2026-09-21 16:00:00,Agadir,30.4278,-9.5981,37.06,37.02,27,1016,6.38,335,51,Clouds,broken clouds,3,116.05,0.12,1.09,73.18,0.48,20.57,63.42,0.0
2026-09-21 16:52:46,2026-09-21 16:00:00,Casablanca,33.5731,-7.5898,30.01,30.33,45,1017,3.09,60,9,Clear,clear sky,3,89.63,0.09,0.98,103.31,5.25,16.88,55.56,0.0
2026-09-21 16:53:02,2026-09-21 16:00:00,Fes,34.0331,-5.0003,35.08,32.73,16,1018,3.6,0,22,Clouds,few clouds,3,79.81,0.04,0.41,75.14,0.59,16.77,66.14,0.0
2026-09-21 16:53:19,2026-09-21 16:00:00,Karia Ba Mohamed,34.3667,-5.2139,34.08,31.8,17,1017,4.16,296,7,Clear,clear sky,3,83.01,0.05,0.54,79.48,1.07,19.02,75.52,0.0
2026-09-21 16:52:57,2026-09-21 16:00:00,Marrakech,31.6295,-7.9811,37.98,35.86,16,1017,7.72,280,2,Clear,clear sky,3,85.85,0.01,0.38,74.56,0.24,19.6,77.09,0.01
2026-09-21 16:52:51,2026-09-21 16:00:00,Rabat,34.0209,-6.8416,30.37,31.27,48,1017,3.6,340,0,Clear,clear sky,3,99.38,0.2,2.89,113.62,9.45,21.3,54.23,0.0
2026-09-21 16:53:13,2026-09-21 16:00:00,Tanger,35.7595,-5.834,27.74,28.5,54,1019,11.32,80,9,Clear,clear sky,3,108.54,0.17,1.99,107.5,1.77,8.74,21.07,0.01
2026-09-21 20:53:16,2026-09-21 20:00:00,Agadir,30.4278,-9.5981,29.06,28.18,34,1017,3.59,12,1,Clear,clear sky,3,110.08,0.0,0.84,73.72,0.41,20.88,65.2,0.0
2026-09-21 20:52:54,2026-09-21 20:00:00,Casablanca,33.5731,-7.5898,25.0,25.46,73,1018,1.03,80,0,Clear,clear sky,2,109.31,0.0,3.27,96.89,8.13,21.27,44.7,0.0
2026-09-21 20:53:10,2026-09-21 20:00:00,Fes,34.0331,-5.0003,26.08,26.08,25,1020,1.54,170,0,Clear,clear sky,3,83.24,0.0,1.11,74.89,1.34,18.29,66.16,0.1
2026-09-21 20:53:27,2026-09-21 20:00:00,Karia Ba Mohamed,34.3667,-5.2139,27.11,27.0,41,1019,1.71,42,1,Clear,clear sky,3,88.68,0.0,1.84,77.11,1.96,17.29,60.9,0.11
2026-09-21 20:53:05,2026-09-21 20:00:00,Marrakech,31.6295,-7.9811,30.98,29.2,23,1020,2.57,300,1,Clear,clear sky,4,89.76,0.0,0.76,64.8,0.31,26.36,101.38,0.03
2026-09-21 20:52:59,2026-09-21 20:00:00,Rabat,34.0209,-6.8416,22.37,22.44,68,1018,0.0,0,5,Clear,clear sky,2,111.49,0.0,5.48,96.28,8.61,17.92,41.23,0.0
2026-09-21 20:53:21,2026-09-21 20:00:00,Tanger,35.7595,-5.834,24.74,24.86,61,1020,10.8,80,1,Clear,clear sky,2,125.35,0.0,3.79,89.08,1.39,8.24,21.98,0.18
2026-09-21 23:56:05,2026-09-21 23:00:00,Agadir,30.4278,-9.5981,25.06,24.82,46,1017,1.97,87,2,Clear,clear sky,4,106.67,0.0,0.66,68.58,0.31,28.21,107.46,0.0
2026-09-21 23:55:44,2026-09-21 23:00:00,Casablanca,33.5731,-7.5898,23.95,24.31,73,1018,1.54,290,1,Clear,clear sky,2,113.85,0.0,3.14,76.14,4.61,21.27,44.21,0.0
2026-09-21 23:56:00,2026-09-21 23:00:00,Fes,34.0331,-5.0003,22.08,21.26,35,1020,0.51,0,0,Clear,clear sky,3,84.08,0.0,1.42,64.44,1.11,16.64,50.61,0.27
2026-09-21 23:56:15,2026-09-21 23:00:00,Karia Ba Mohamed,34.3667,-5.2139,25.53,25.37,47,1018,3.67,94,0,Clear,clear sky,2,89.29,0.0,2.07,65.38,1.52,15.62,48.79,0.27
2026-09-21 23:55:54,2026-09-21 23:00:00,Marrakech,31.6295,-7.9811,27.98,27.18,32,1020,2.57,180,0,Clear,clear sky,3,91.49,0.0,1.7,49.15,0.4,26.46,85.73,0.23
2026-09-21 23:55:49,2026-09-21 23:00:00,Rabat,34.0209,-6.8416,18.37,18.56,88,1017,0.0,0,0,Clear,clear sky,2,110.98,0.0,4.54,82.28,5.79,16.0,39.05,0.05
2026-09-21 23:56:10,2026-09-21 23:00:00,Tanger,35.7595,-5.834,24.74,24.65,53,1018,8.23,60,5,Clear,clear sky,2,131.35,0.0,3.85,80.99,1.63,8.42,22.32,0.36
2026-09-22 04:12:30,2026-09-22 04:00:00,Agadir,30.4278,-9.5981,22.06,21.57,48,1014,1.58,77,98,Clouds,overcast clouds,4,103.31,0.0,0.39,57.25,0.28,40.68,142.14,0.01
2026-09-22 04:12:09,2026-09-22 04:00:00,Casablanca,33.5731,-7.5898,20.78,21.37,94,1017,0.51,0,0,Clear,clear sky,3,110.61,0.0,2.12,55.66,2.14,21.67,54.09,0.0
2026-09-22 04:12:25,2026-09-22 04:00:00,Fes,34.0331,-5.0003,18.08,17.38,55,1019,2.57,210,11,Clouds,few clouds,2,82.65,0.0,1.21,42.53,0.35,15.6,39.44,0.51
2026-09-22 04:12:41,2026-09-22 04:00:00,Karia Ba Mohamed,34.3667,-5.2139,22.14,21.82,54,1017,2.91,99,4,Clear,clear sky,2,87.53,0.0,1.58,44.17,0.65,15.75,42.42,0.49
2026-09-22 04:12:19,2026-09-22 04:00:00,Marrakech,31.6295,-7.9811,21.98,21.43,46,1018,1.54,80,0,Clear,clear sky,3,91.47,0.0,1.3,39.95,0.31,25.55,82.37,0.47
2026-09-22 04:12:14,2026-09-22 04:00:00,Rabat,34.0209,-6.8416,21.37,22.17,100,1016,1.54,210,0,Clear,clear sky,2,111.1,0.0,2.76,58.39,2.35,16.34,38.12,0.31
2026-09-22 04:12:35,2026-09-22 04:00:00,Tanger,35.7595,-5.834,23.74,23.74,60,1017,8.23,70,2,Clear,clear sky,2,124.59,0.0,2.31,68.74,1.29,8.63,22.76,0.29
2026-09-22 09:42:31,2026-09-22 09:00:00,Agadir,30.4278,-9.5981,33.06,32.88,35,1016,1.2,203,96,Clouds,overcast clouds,4,104.25,0.34,1.44,49.09,0.32,43.63,157.73,0.32
2026-09-22 09:42:09,2026-09-22 09:00:00,Casablanca,33.5731,-7.5898,25.0,25.85,88,1017,1.03,0,18,Clouds,few clouds,3,104.04,0.37,2.01,97.74,8.66,22.96,84.32,0.0
2026-09-22 09:42:25,2026-09-22 09:00:00,Fes,34.0331,-5.0003,28.08,27.67,39,1019,2.06,20,0,Clear,clear sky,3,81.25,0.07,0.3,74.59,1.08,18.48,72.35,0.01
2026-09-22 09:42:41,2026-09-22 09:00:00,Karia Ba Mohamed,34.3667,-5.2139,30.14,29.22,34,1018,3.05,110,17,Clouds,few clouds,3,83.58,0.1,0.47,77.41,1.18,17.94,71.65,0.02
2026-09-22 09:42:20,2026-09-22 09:00:00,Marrakech,31.6295,-7.9811,30.98,29.62,29,1018,2.06,80,0,Clear,clear sky,3,90.96,0.09,0.37,68.31,0.08,17.5,63.81,0.03
2026-09-22 09:42:15,2026-09-22 09:00:00,Rabat,34.0209,-6.8416,26.37,26.37,73,1018,2.06,310,9,Clear,clear sky,3,103.2,0.66,3.06,80.93,4.67,17.89,65.12,0.02
2026-09-22 09:42:36,2026-09-22 09:00:00,Tanger,35.7595,-5.834,27.74,27.57,42,1019,9.26,80,12,Clouds,few clouds,2,127.11,0.73,3.28,76.9,2.97,9.98,24.8,0.13
2026-09-22 14:30:22,2026-09-22 14:00:00,Agadir,30.4278,-9.5981,34.06,32.73,26,1013,6.71,355,87,Clouds,overcast clouds,4,108.02,0.14,0.81,73.12,0.49,29.61,106.96,0.0
2026-09-22 14:30:00,2026-09-22 14:00:00,Casablanca,33.5731,-7.5898,29.01,30.75,58,1016,2.06,10,89,Clouds,overcast clouds,3,89.15,0.08,0.4,98.16,3.31,15.21,58.36,0.0
2026-09-22 14:30:17,2026-09-22 14:00:00,Fes,34.0331,-5.0003,34.08,31.88,18,1016,4.12,360,0,Clear,clear sky,3,78.67,0.04,0.19,81.72,0.87,16.21,60.37,0.0
2026-09-22 14:30:33,2026-09-22 14:00:00,Karia Ba Mohamed,34.3667,-5.2139,34.51,32.32,18,1015,3.52,286,0,Clear,clear sky,3,82.3,0.05,0.26,85.91,1.25,16.96,62.91,0.0
2026-09-22 14:30:11,2026-09-22 14:00:00,Marrakech,31.6295,-7.9811,36.98,34.74,16,1015,2.06,0,0,Clear,clear sky,3,90.18,0.04,0.21,69.34,0.07,17.11,66.9,0.0
2026-09-22 14:30:06,2026-09-22 14:00:00,Rabat,34.0209,-6.8416,29.37,31.34,58,1015,2.57,290,99,Clouds,overcast clouds,3,87.95,0.14,0.78,98.19,2.65,15.31,57.64,0.0
2026-09-22 14:30:27,2026-09-22 14:00:00,Tanger,35.7595,-5.834,30.74,29.38,29,1017,9.77,70,50,Clouds,scattered clouds,3,125.5,0.16,1.17,115.89,2.24,12.98,24.64,0.0
2026-09-22 18:37:43,2026-09-22 18:00:00,Agadir,30.4278,-9.5981,32.06,30.38,25,1013,5.54,348,73,Clouds,broken clouds,3,104.9,0.0,0.85,80.58,0.88,23.35,69.58,0.0
2026-09-22 18:37:21,2026-09-22 18:00:00,Casablanca,33.5731,-7.5898,26.01,26.01,65,1015,2.02,258,92,Clouds,overcast clouds,2,92.52,0.0,2.13,96.6,5.16,12.12,45.46,0.0
2026-09-22 18:37:37,2026-09-22 18:00:00,Fes,34.0331,-5.0003,32.08,30.0,19,1016,2.06,350,6,Clear,clear sky,3,82.03,0.0,0.88,83.71,1.64,16.23,54.14,0.0
2026-09-22 18:37:53,2026-09-22 18:00:00,Karia Ba Mohamed,34.3667,-5.2139,28.99,27.62,25,1015,2.0,290,7,Clear,clear sky,2,89.03,0.0,1.48,89.13,2.45,15.76,49.75,0.0
2026-09-22 18:37:32,2026-09-22 18:00:00,Marrakech,31.6295,-7.9811,35.98,33.77,17,1015,2.06,320,0,Clear,clear sky,3,90.4,0.0,0.76,68.25,0.46,16.31,59.16,0.0
2026-09-22 18:37:26,2026-09-22 18:00:00,Rabat,34.0209,-6.8416,25.37,26.0,78,1015,2.06,290,100,Clouds,overcast clouds,3,108.99,0.0,5.3,103.93,6.07,13.47,36.45,0.0
2026-09-22 18:37:48,2026-09-22 18:00:00,Tanger,35.7595,-5.834,27.74,26.83,28,1017,7.72,70,1,Clear,clear sky,3,123.62,0.0,3.8,101.91,1.45,11.58,25.29,0.03
2026-09-22 21:53:15,2026-09-22 21:00:00,Agadir,30.4278,-9.5981,27.06,26.46,30,1014,5.41,360,1,Clear,clear sky,3,107.73,0.0,1.01,76.5,0.8,24.94,67.84,0.0
2026-09-22 21:52:54,2026-09-22 21:00:00,Casablanca,33.5731,-7.5898,22.89,23.53,88,1016,1.54,310,51,Clouds,broken clouds,2,105.56,0.0,2.92,88.35,4.38,10.81,34.79,0.0
2026-09-22 21:53:10,2026-09-22 21:00:00,Fes,34.0331,-5.0003,24.08,23.35,31,1018,2.57,150,0,Clear,clear sky,2,87.09,0.0,1.5,76.47,1.71,14.82,41.96,0.09
2026-09-22 21:53:26,2026-09-22 21:00:00,Karia Ba Mohamed,34.3667,-5.2139,24.95,24.55,40,1017,0.55,72,0,Clear,clear sky,2,96.16,0.0,2.71,78.75,2.4,14.48,38.3,0.1
2026-09-22 21:53:05,2026-09-22 21:00:00,Marrakech,31.6295,-7.9811,30.98,29.46,27,1017,4.12,30,0,Clear,clear sky,3,92.99,0.0,1.93,60.4,0.99,17.48,56.15,0.11
2026-09-22 21:52:59,2026-09-22 21:00:00,Rabat,34.0209,-6.8416,19.37,19.97,100,1016,0.0,0,100,Clouds,overcast clouds,2,121.1,0.0,6.63,88.12,5.55,13.97,33.69,0.0
2026-09-22 21:53:20,2026-09-22 21:00:00,Tanger,35.7595,-5.834,24.74,24.34,41,1017,9.26,70,18,Clouds,few clouds,2,128.35,0.0,3.4,86.82,1.36,11.45,26.03,0.04
2026-09-23 00:09:24,2026-09-23 00:00:00,Agadir,30.4278,-9.5981,24.06,23.44,35,1014,2.47,94,3,Clear,clear sky,3,110.05,0.0,0.86,72.28,0.66,25.73,75.16,0.0
2026-09-23 00:09:02,2026-09-23 00:00:00,Casablanca,33.5731,-7.5898,21.84,22.53,94,1016,1.03,0,79,Clouds,broken clouds,2,109.85,0.0,3.17,74.24,2.68,11.36,34.35,0.06
2026-09-23 00:09:18,2026-09-23 00:00:00,Fes,34.0331,-5.0003,22.08,21.31,37,1019,3.09,200,0,Clear,clear sky,2,87.75,0.0,1.51,66.82,1.17,14.44,37.83,0.24
2026-09-23 00:09:34,2026-09-23 00:00:00,Karia Ba Mohamed,34.3667,-5.2139,23.43,22.79,37,1017,2.7,98,0,Clear,clear sky,2,96.41,0.0,2.65,66.71,1.69,14.46,36.06,0.26
2026-09-23 00:09:13,2026-09-23 00:00:00,Marrakech,31.6295,-7.9811,25.98,25.98,36,1018,1.54,260,0,Clear,clear sky,3,94.53,0.0,2.16,53.76,1.0,17.65,53.5,0.23
2026-09-23 00:09:07,2026-09-23 00:00:00,Rabat,34.0209,-6.8416,18.37,18.87,100,1016,0.0,0,96,Clouds,overcast clouds,2,120.87,0.0,5.95,80.97,5.25,13.97,34.72,0.2
2026-09-23 00:09:29,2026-09-23 00:00:00,Tanger,35.7595,-5.834,23.74,23.37,46,1016,7.72,90,26,Clouds,scattered clouds,2,129.54,0.0,3.05,79.69,1.28,11.19,24.75,0.04
2026-09-23 05:39:54,2026-09-23 05:00:00,Agadir,30.4278,-9.5981,21.06,20.21,38,1014,1.12,29,0,Clear,clear sky,3,110.53,0.0,0.84,71.63,0.61,24.52,69.6,0.0
2026-09-23 05:39:33,2026-09-23 05:00:00,Casablanca,33.5731,-7.5898,20.0,20.51,94,1016,1.54,200,84,Clouds,broken clouds,2,111.07,0.0,3.05,51.0,1.52,13.06,43.24,0.16
2026-09-23 05:39:49,2026-09-23 05:00:00,Fes,34.0331,-5.0003,17.08,16.1,48,1018,1.03,0,0,Clear,clear sky,2,84.07,0.0,1.41,43.67,0.28,13.61,29.33,0.49
2026-09-23 05:40:04,2026-09-23 05:00:00,Karia Ba Mohamed,34.3667,-5.2139,20.72,20.07,47,1017,1.79,101,0,Clear,clear sky,2,90.48,0.0,2.45,40.6,0.52,14.59,33.05,0.46
2026-09-23 05:39:43,2026-09-23 05:00:00,Marrakech,31.6295,-7.9811,21.98,21.36,43,1017,0.51,0,0,Clear,clear sky,2,94.79,0.0,2.38,52.53,1.03,16.22,46.85,0.89
2026-09-23 05:39:38,2026-09-23 05:00:00,Rabat,34.0209,-6.8416,20.37,21.07,100,1016,0.0,0,65,Clouds,broken clouds,2,118.13,0.0,4.68,59.96,3.19,13.92,38.72,0.53
2026-09-23 05:39:59,2026-09-23 05:00:00,Tanger,35.7595,-5.834,20.74,20.91,78,1018,4.12,90,33,Clouds,scattered clouds,2,131.13,0.0,2.46,74.55,2.6,14.08,29.67,0.03
2026-09-23 11:05:44,2026-09-23 11:00:00,Agadir,30.4278,-9.5981,37.06,38.46,32,1016,2.32,271,0,Clear,clear sky,3,113.53,0.29,1.49,79.04,0.72,24.68,70.37,0.0
2026-09-23 11:05:23,2026-09-23 11:00:00,Casablanca,33.5731,-7.5898,26.01,26.01,61,1018,1.03,0,4,Clear,clear sky,3,97.17,0.33,1.52,97.11,5.08,15.79,66.24,0.0
2026-09-23 11:05:39,2026-09-23 11:00:00,Fes,34.0331,-5.0003,32.08,30.17,22,1020,2.57,50,0,Clear,clear sky,2,80.06,0.05,0.21,90.92,1.29,12.32,41.81,0.0
2026-09-23 11:05:54,2026-09-23 11:00:00,Karia Ba Mohamed,34.3667,-5.2139,31.49,29.51,20,1018,2.56,101,0,Clear,clear sky,2,83.74,0.06,0.31,93.22,1.52,13.06,44.51,0.0
2026-09-23 11:05:33,2026-09-23 11:00:00,Marrakech,31.6295,-7.9811,33.98,32.63,26,1018,1.03,0,0,Clear,clear sky,2,87.8,0.06,0.28,88.72,0.65,10.36,31.36,0.0
2026-09-23 11:05:28,2026-09-23 11:00:00,Rabat,34.0209,-6.8416,25.37,25.87,73,1018,2.06,310,65,Clouds,broken clouds,2,97.96,0.32,1.58,98.43,3.87,13.32,48.94,0.0
2026-09-23 11:05:49,2026-09-23 11:00:00,Tanger,35.7595,-5.834,29.74,28.27,26,1018,7.2,70,5,Clear,clear sky,2,130.59,0.5,2.6,93.16,4.95,17.8,33.56,0.0
2026-09-23 16:27:20,2026-09-23 16:00:00,Agadir,30.4278,-9.5981,35.06,33.37,22,1012,9.31,330,1,Clear,clear sky,3,112.15,0.16,1.05,84.31,0.55,24.38,82.32,0.0
2026-09-23 16:26:58,2026-09-23 16:00:00,Casablanca,33.5731,-7.5898,26.01,26.01,65,1015,2.57,40,0,Clear,clear sky,3,86.38,0.1,0.69,114.15,3.96,8.82,25.46,0.0
2026-09-23 16:27:15,2026-09-23 16:00:00,Fes,34.0331,-5.0003,35.08,32.65,15,1018,2.57,80,0,Clear,clear sky,2,78.5,0.06,0.32,89.95,0.84,9.38,29.35,0.0
2026-09-23 16:27:31,2026-09-23 16:00:00,Karia Ba Mohamed,34.3667,-5.2139,34.33,32.05,17,1016,1.92,40,0,Clear,clear sky,2,81.88,0.07,0.42,95.04,1.09,10.44,32.56,0.0
2026-09-23 16:27:09,2026-09-23 16:00:00,Marrakech,31.6295,-7.9811,36.98,34.49,14,1016,4.12,290,0,Clear,clear sky,2,86.61,0.06,0.34,87.29,0.3,10.72,31.04,0.0
2026-09-23 16:27:04,2026-09-23 16:00:00,Rabat,34.0209,-6.8416,27.37,29.01,65,1016,2.57,320,0,Clear,clear sky,3,97.58,0.23,1.95,128.46,8.25,16.57,37.65,0.0
2026-09-23 16:27:26,2026-09-23 16:00:00,Tanger,35.7595,-5.834,30.74,29.38,29,1018,9.26,70,3,Clear,clear sky,3,119.16,0.17,1.42,122.16,2.5,13.9,25.35,0.0
2026-09-23 20:01:59,2026-09-23 20:00:00,Agadir,30.4278,-9.5981,28.06,27.19,31,1014,7.59,356,0,Clear,clear sky,3,112.84,0.0,1.27,82.38,0.94,20.88,61.16,0.0
2026-09-23 20:01:38,2026-09-23 20:00:00,Casablanca,33.5731,-7.5898,23.95,24.44,78,1017,2.06,70,0,Clear,clear sky,3,105.52,0.0,2.91,115.03,7.92,14.01,31.45,0.0
2026-09-23 20:01:54,2026-09-23 20:00:00,Fes,34.0331,-5.0003,27.08,26.19,22,1018,2.57,110,0,Clear,clear sky,2,79.81,0.0,2.13,74.53,1.04,10.62,28.32,0.35
2026-09-23 20:02:10,2026-09-23 20:00:00,Karia Ba Mohamed,34.3667,-5.2139,26.4,26.4,33,1017,2.6,44,0,Clear,clear sky,2,87.95,0.0,2.31,82.63,1.61,11.95,29.92,0.17
2026-09-23 20:01:48,2026-09-23 20:00:00,Marrakech,31.6295,-7.9811,32.98,30.8,18,1017,2.06,340,0,Clear,clear sky,2,90.64,0.0,1.9,69.23,0.58,15.39,41.15,0.16
2026-09-23 20:01:43,2026-09-23 20:00:00,Rabat,34.0209,-6.8416,20.37,20.76,88,1017,0.0,0,0,Clear,clear sky,3,127.0,0.0,6.27,128.04,13.18,30.37,49.55,0.0
2026-09-23 20:02:04,2026-09-23 20:00:00,Tanger,35.7595,-5.834,25.74,25.68,50,1018,8.75,70,7,Clear,clear sky,3,117.82,0.0,3.8,104.12,1.7,9.05,19.87,0.02
2026-09-23 23:28:50,2026-09-23 23:00:00,Agadir,30.4278,-9.5981,23.06,22.47,40,1015,2.75,18,0,Clear,clear sky,3,111.55,0.0,0.99,83.78,0.76,19.11,54.77,0.0
2026-09-23 23:28:28,2026-09-23 23:00:00,Casablanca,33.5731,-7.5898,21.84,22.53,94,1017,0.51,0,0,Clear,clear sky,2,118.72,0.0,3.48,96.69,5.53,19.91,39.0,0.0
2026-09-23 23:28:44,2026-09-23 23:00:00,Fes,34.0331,-5.0003,22.08,21.07,28,1021,1.03,140,0,Clear,clear sky,2,83.02,0.0,2.37,64.98,1.04,10.91,26.25,0.64
2026-09-23 23:29:01,2026-09-23 23:00:00,Karia Ba Mohamed,34.3667,-5.2139,24.04,23.49,38,1019,3.26,92,0,Clear,clear sky,2,90.04,0.0,3.04,67.76,1.37,12.25,28.25,0.49
2026-09-23 23:28:39,2026-09-23 23:00:00,Marrakech,31.6295,-7.9811,24.98,24.53,38,1019,2.57,250,0,Clear,clear sky,2,93.06,0.0,2.86,59.52,0.77,16.27,42.78,0.4
2026-09-23 23:28:34,2026-09-23 23:00:00,Rabat,34.0209,-6.8416,17.37,17.77,100,1017,0.0,0,0,Clear,clear sky,3,127.08,0.0,5.18,105.36,9.36,29.08,50.16,0.0
2026-09-23 23:28:55,2026-09-23 23:00:00,Tanger,35.7595,-5.834,24.74,24.65,53,1018,9.77,80,22,Clouds,few clouds,2,123.21,0.0,4.12,87.0,1.29,8.98,20.02,0.16
2026-09-24 03:55:35,2026-09-24 03:00:00,Agadir,30.4278,-9.5981,19.06,18.25,47,1016,1.16,327,0,Clear,clear sky,2,108.16,0.0,0.47,79.66,0.6,15.75,43.64,0.19
2026-09-24 03:55:14,2026-09-24 03:00:00,Casablanca,33.5731,-7.5898,22.01,22.72,94,1016,0.51,0,9,Clear,clear sky,2,124.2,0.0,2.07,67.13,1.94,23.5,47.29,0.0
2026-09-24 03:55:30,2026-09-24 03:00:00,Fes,34.0331,-5.0003,19.08,18.06,39,1019,2.06,130,0,Clear,clear sky,2,80.7,0.0,0.97,64.15,0.5,8.08,17.58,0.44
2026-09-24 03:55:46,2026-09-24 03:00:00,Karia Ba Mohamed,34.3667,-5.2139,22.01,21.34,41,1018,3.89,98,0,Clear,clear sky,2,85.42,0.0,1.78,58.26,0.71,9.91,21.58,0.46
2026-09-24 03:55:25,2026-09-24 03:00:00,Marrakech,31.6295,-7.9811,21.98,21.36,43,1018,2.06,230,0,Clear,clear sky,2,92.2,0.0,1.76,59.22,0.62,14.71,39.71,0.74
2026-09-24 03:55:19,2026-09-24 03:00:00,Rabat,34.0209,-6.8416,14.37,14.47,100,1016,0.0,0,0,Clear,clear sky,3,124.78,0.0,2.67,70.52,2.55,26.72,45.56,0.03
2026-09-24 03:55:41,2026-09-24 03:00:00,Tanger,35.7595,-5.834,23.74,23.74,60,1018,7.2,80,58,Clouds,broken clouds,2,123.59,0.0,2.55,68.21,1.23,10.59,21.87,0.27
2026-09-24 09:09:32,2026-09-24 09:00:00,Agadir,30.4278,-9.5981,27.06,26.67,35,1018,2.45,301,0,Clear,clear sky,2,110.33,0.28,2.12,80.53,0.78,15.84,40.8,0.6
2026-09-24 09:09:11,2026-09-24 09:00:00,Casablanca,33.5731,-7.5898,21.93,22.61,93,1018,1.89,219,70,Clouds,broken clouds,3,128.77,1.09,4.7,56.96,1.91,27.07,59.41,0.0
2026-09-24 09:09:27,2026-09-24 09:00:00,Fes,34.0331,-5.0003,27.08,26.73,36,1021,2.06,60,0,Clear,clear sky,2,78.69,0.37,1.6,63.3,0.47,6.33,14.16,0.44
2026-09-24 09:09:43,2026-09-24 09:00:00,Karia Ba Mohamed,34.3667,-5.2139,27.8,27.2,35,1020,4.12,96,0,Clear,clear sky,1,83.1,0.9,2.94,54.92,0.66,7.69,16.39,0.41
2026-09-24 09:09:22,2026-09-24 09:00:00,Marrakech,31.6295,-7.9811,26.98,26.66,36,1020,1.03,0,0,Clear,clear sky,3,92.05,0.81,3.13,50.88,0.6,15.5,56.71,0.53
2026-09-24 09:09:16,2026-09-24 09:00:00,Rabat,34.0209,-6.8416,21.37,22.17,100,1019,2.06,190,0,Clear,clear sky,3,124.29,1.86,7.3,52.39,2.14,25.69,47.28,0.12
2026-09-24 09:09:38,2026-09-24 09:00:00,Tanger,35.7595,-5.834,25.74,25.75,53,1019,13.38,80,18,Clouds,few clouds,2,128.52,1.32,5.4,65.26,1.48,10.28,20.82,0.31
2026-09-24 14:44:15,2026-09-24 14:00:00,Agadir,30.4278,-9.5981,36.06,35.77,28,1016,4.3,309,4,Clear,clear sky,2,110.1,0.13,0.86,88.88,0.57,14.05,39.48,0.25
2026-09-24 14:43:53,2026-09-24 14:00:00,Casablanca,33.5731,-7.5898,27.01,28.79,69,1017,3.09,340,94,Clouds,overcast clouds,3,88.8,0.08,0.52,118.11,4.37,14.18,33.03,0.0
2026-09-24 14:44:09,2026-09-24 14:00:00,Fes,34.0331,-5.0003,36.08,33.66,15,1017,2.57,30,0,Clear,clear sky,2,75.93,0.04,0.19,91.79,0.36,6.91,19.25,0.0
2026-09-24 14:44:26,2026-09-24 14:00:00,Karia Ba Mohamed,34.3667,-5.2139,35.86,33.44,15,1016,1.17,38,0,Clear,clear sky,2,78.76,0.05,0.26,97.73,0.52,7.44,20.59,0.0
2026-09-24 14:44:04,2026-09-24 14:00:00,Marrakech,31.6295,-7.9811,37.98,35.86,16,1016,3.09,0,0,Clear,clear sky,3,86.11,0.05,0.22,79.57,0.23,14.65,57.0,0.0
2026-09-24 14:43:59,2026-09-24 14:00:00,Rabat,34.0209,-6.8416,27.37,29.01,65,1017,2.57,300,67,Clouds,broken clouds,3,104.66,0.17,1.35,137.16,7.75,24.16,49.63,0.0
2026-09-24 14:44:20,2026-09-24 14:00:00,Tanger,35.7595,-5.834,31.74,30.42,29,1019,9.26,70,1,Clear,clear sky,3,120.52,0.17,1.26,125.39,2.36,12.83,24.59,0.01
2026-09-24 18:53:45,2026-09-24 18:00:00,Agadir,30.4278,-9.5981,30.06,28.44,24,1016,5.15,345,0,Clear,clear sky,2,111.44,0.0,0.95,96.21,0.88,12.57,28.5,0.0
2026-09-24 18:53:23,2026-09-24 18:00:00,Casablanca,33.5731,-7.5898,25.0,25.72,83,1017,1.54,360,11,Clouds,few clouds,3,102.69,0.0,2.65,122.16,8.01,18.95,41.48,0.0
2026-09-24 18:53:39,2026-09-24 18:00:00,Fes,34.0331,-5.0003,30.08,28.42,23,1018,2.57,90,0,Clear,clear sky,2,78.85,0.0,1.42,88.97,0.78,7.95,19.32,0.13
2026-09-24 18:53:56,2026-09-24 18:00:00,Karia Ba Mohamed,34.3667,-5.2139,29.2,27.83,26,1017,1.57,17,0,Clear,clear sky,2,87.43,0.0,1.97,97.16,1.76,9.84,22.02,0.07
2026-09-24 18:53:34,2026-09-24 18:00:00,Marrakech,31.6295,-7.9811,33.98,32.04,21,1017,3.09,330,0,Clear,clear sky,2,86.38,0.0,0.98,78.1,0.46,13.87,46.92,0.06
2026-09-24 18:53:28,2026-09-24 18:00:00,Rabat,34.0209,-6.8416,24.37,25.03,83,1017,0.0,0,19,Clouds,few clouds,3,119.93,0.0,6.49,130.51,10.82,25.63,45.73,0.0
2026-09-24 18:53:50,2026-09-24 18:00:00,Tanger,35.7595,-5.834,27.74,27.0,32,1019,11.32,70,0,Clear,clear sky,3,117.22,0.0,3.96,112.88,1.7,9.81,21.47,0.1
2026-09-24 22:08:08,2026-09-24 22:00:00,Agadir,30.4278,-9.5981,22.06,22.02,65,1018,2.75,138,4,Clear,clear sky,2,109.16,0.0,0.77,91.27,0.68,14.05,30.16,0.0
2026-09-24 22:07:47,2026-09-24 22:00:00,Casablanca,33.5731,-7.5898,23.88,24.62,88,1018,1.63,192,30,Clouds,scattered clouds,2,110.83,0.0,3.4,95.58,4.27,17.53,39.52,0.0
2026-09-24 22:08:03,2026-09-24 22:00:00,Fes,34.0331,-5.0003,24.08,23.35,31,1020,1.03,0,0,Clear,clear sky,2,84.36,0.0,2.48,74.85,1.35,9.16,19.21,0.43
2026-09-24 22:08:18,2026-09-24 22:00:00,Karia Ba Mohamed,34.3667,-5.2139,24.49,24.04,40,1019,2.44,83,0,Clear,clear sky,2,94.48,0.0,3.11,81.4,2.13,11.27,22.37,0.31
2026-09-24 22:07:57,2026-09-24 22:00:00,Marrakech,31.6295,-7.9811,28.98,28.11,34,1020,1.54,220,0,Clear,clear sky,2,89.28,0.0,2.64,64.81,0.81,14.09,42.04,0.32
2026-09-24 22:07:52,2026-09-24 22:00:00,Rabat,34.0209,-6.8416,19.37,19.97,100,1018,0.0,0,78,Clouds,broken clouds,3,129.62,0.0,6.59,107.32,8.56,27.48,46.71,0.0
2026-09-24 22:08:13,2026-09-24 22:00:00,Tanger,35.7595,-5.834,26.74,26.5,36,1018,9.26,80,22,Clouds,few clouds,2,125.32,0.0,3.92,94.63,1.49,10.51,23.26,0.19
2026-09-25 01:16:00,2026-09-25 01:00:00,Agadir,30.4278,-9.5981,19.06,18.88,71,1018,0.73,327,4,Clear,clear sky,2,108.75,0.0,0.55,90.68,0.47,13.09,30.17,0.0
2026-09-25 01:15:38,2026-09-25 01:00:00,Casablanca,33.5731,-7.5898,21.66,22.34,94,1018,1.34,270,68,Clouds,broken clouds,2,113.62,0.0,2.83,72.48,1.83,17.67,41.15,0.0
2026-09-25 01:15:54,2026-09-25 01:00:00,Fes,34.0331,-5.0003,20.08,19.24,42,1020,2.06,190,0,Clear,clear sky,2,84.57,0.0,1.78,66.4,1.07,8.46,16.6,0.38
2026-09-25 01:16:11,2026-09-25 01:00:00,Karia Ba Mohamed,34.3667,-5.2139,22.8,22.1,37,1019,3.27,104,0,Clear,clear sky,2,94.05,0.0,2.45,67.41,1.62,10.38,19.81,0.41
2026-09-25 01:15:49,2026-09-25 01:00:00,Marrakech,31.6295,-7.9811,23.98,23.74,50,1019,1.03,0,0,Clear,clear sky,2,89.94,0.0,2.47,62.96,0.81,14.44,41.56,0.67
2026-09-25 01:15:44,2026-09-25 01:00:00,Rabat,34.0209,-6.8416,20.37,21.07,100,1018,1.54,210,63,Clouds,broken clouds,3,130.14,0.0,4.53,85.12,5.12,27.48,45.89,0.0
2026-09-25 01:16:05,2026-09-25 01:00:00,Tanger,35.7595,-5.834,24.74,24.65,53,1018,7.72,80,96,Clouds,overcast clouds,2,127.59,0.0,3.01,81.37,1.04,11.74,25.02,0.14
2026-09-25 07:21:55,2026-09-25 07:00:00,Agadir,30.4278,-9.5981,17.06,17.15,89,1017,0.92,292,11,Clouds,few clouds,2,110.03,0.0,1.44,91.51,0.68,10.34,24.21,0.0
2026-09-25 07:21:33,2026-09-25 07:00:00,Casablanca,33.5731,-7.5898,20.78,21.37,94,1018,1.54,180,92,Clouds,overcast clouds,3,120.06,0.01,4.7,50.37,1.29,20.6,51.14,0.0
2026-09-25 07:21:49,2026-09-25 07:00:00,Fes,34.0331,-5.0003,20.08,19.24,42,1021,1.54,200,0,Clear,clear sky,1,81.05,0.02,2.35,43.9,0.33,6.82,12.82,0.51
2026-09-25 07:22:06,2026-09-25 07:00:00,Karia Ba Mohamed,34.3667,-5.2139,21.32,20.81,50,1019,0.62,85,8,Clear,clear sky,1,88.69,0.02,3.85,46.17,0.87,8.24,15.38,0.63
2026-09-25 07:21:44,2026-09-25 07:00:00,Marrakech,31.6295,-7.9811,20.98,20.49,52,1019,1.54,260,0,Clear,clear sky,2,91.47,0.01,3.48,56.48,0.73,14.9,42.79,0.85
2026-09-25 07:21:39,2026-09-25 07:00:00,Rabat,34.0209,-6.8416,20.37,21.07,100,1018,2.57,190,83,Clouds,broken clouds,2,128.28,0.01,6.37,64.04,2.42,24.99,42.94,0.26
2026-09-25 07:22:00,2026-09-25 07:00:00,Tanger,35.7595,-5.834,21.74,21.75,68,1018,3.09,60,85,Clouds,overcast clouds,2,132.16,0.01,4.25,62.95,1.19,14.38,28.48,0.18
2026-09-25 13:25:48,2026-09-25 13:00:00,Agadir,30.4278,-9.5981,30.06,30.39,45,1016,3.54,283,42,Clouds,scattered clouds,3,107.02,0.12,1.08,100.28,0.71,8.72,26.54,0.1
2026-09-25 13:25:27,2026-09-25 13:00:00,Casablanca,33.5731,-7.5898,27.01,28.47,65,1017,2.57,320,90,Clouds,overcast clouds,3,96.85,0.1,0.64,128.35,6.61,19.58,43.54,0.0
2026-09-25 13:25:43,2026-09-25 13:00:00,Fes,34.0331,-5.0003,35.08,32.73,16,1019,3.09,360,0,Clear,clear sky,3,75.89,0.04,0.19,102.77,0.85,5.99,13.56,0.0
2026-09-25 13:25:59,2026-09-25 13:00:00,Karia Ba Mohamed,34.3667,-5.2139,34.98,32.71,17,1017,0.31,341,0,Clear,clear sky,3,81.76,0.06,0.33,108.91,1.4,7.46,16.57,0.0
2026-09-25 13:25:38,2026-09-25 13:00:00,Marrakech,31.6295,-7.9811,34.98,33.89,26,1018,2.06,0,0,Clear,clear sky,3,84.65,0.05,0.22,80.35,0.17,13.39,52.67,0.02
2026-09-25 13:25:32,2026-09-25 13:00:00,Rabat,34.0209,-6.8416,27.37,29.4,69,1017,3.09,300,62,Clouds,broken clouds,3,97.5,0.17,1.09,128.82,5.99,15.76,29.47,0.0
2026-09-25 13:25:53,2026-09-25 13:00:00,Tanger,35.7595,-5.834,29.74,29.62,42,1017,7.2,50,30,Clouds,scattered clouds,3,127.87,0.3,1.78,113.13,3.39,16.44,29.84,0.01
2026-09-25 18:20:56,2026-09-25 18:00:00,Agadir,30.4278,-9.5981,23.06,23.14,66,1014,1.01,192,93,Clouds,overcast clouds,3,112.16,0.02,1.9,103.99,0.7,6.66,19.32,0.03
2026-09-25 18:20:35,2026-09-25 18:00:00,Casablanca,33.5731,-7.5898,25.0,25.59,78,1016,1.54,30,10,Clear,clear sky,3,97.07,0.05,1.96,123.95,7.56,15.31,34.34,0.0
2026-09-25 18:20:51,2026-09-25 18:00:00,Fes,34.0331,-5.0003,33.08,30.75,15,1017,2.06,40,0,Clear,clear sky,3,78.22,0.03,0.98,102.01,0.94,6.23,12.94,0.02
2026-09-25 18:21:06,2026-09-25 18:00:00,Karia Ba Mohamed,34.3667,-5.2139,30.64,28.9,23,1016,1.23,326,0,Clear,clear sky,3,85.76,0.03,1.4,109.52,1.85,8.32,16.64,0.0
2026-09-25 18:20:45,2026-09-25 18:00:00,Marrakech,31.6295,-7.9811,35.98,34.17,20,1016,2.57,330,8,Clear,clear sky,3,85.12,0.03,0.86,81.41,0.52,13.95,56.38,0.04
2026-09-25 18:20:40,2026-09-25 18:00:00,Rabat,34.0209,-6.8416,25.37,26.26,88,1016,2.06,340,1,Clear,clear sky,3,110.23,0.11,4.94,133.94,9.67,18.63,33.76,0.0
2026-09-25 18:21:01,2026-09-25 18:00:00,Tanger,35.7595,-5.834,28.74,27.66,30,1016,4.63,60,23,Clouds,few clouds,3,118.05,0.07,3.15,120.66,2.17,12.94,26.69,0.0
2026-09-25 22:05:36,2026-09-25 22:00:00,Agadir,30.4278,-9.5981,18.06,18.32,92,1017,1.43,158,100,Clouds,overcast clouds,3,113.06,0.0,1.17,100.86,0.64,8.32,20.86,0.0
2026-09-25 22:05:15,2026-09-25 22:00:00,Casablanca,33.5731,-7.5898,22.89,23.53,88,1017,1.03,0,24,Clouds,few clouds,3,112.18,0.0,3.33,102.3,5.42,16.15,35.59,0.0
2026-09-25 22:05:30,2026-09-25 22:00:00,Fes,34.0331,-5.0003,25.08,24.56,35,1020,3.6,220,0,Clear,clear sky,2,86.06,0.0,1.91,88.05,1.79,8.7,15.83,0.15
2026-09-25 22:05:46,2026-09-25 22:00:00,Karia Ba Mohamed,34.3667,-5.2139,24.43,24.03,42,1018,0.95,217,0,Clear,clear sky,2,96.68,0.0,3.15,89.36,2.43,11.66,20.75,0.15
2026-09-25 22:05:25,2026-09-25 22:00:00,Marrakech,31.6295,-7.9811,29.98,30.72,48,1017,1.03,0,86,Clouds,overcast clouds,3,89.26,0.0,3.0,62.83,0.96,15.8,55.38,0.28
2026-09-25 22:05:20,2026-09-25 22:00:00,Rabat,34.0209,-6.8416,19.37,19.82,94,1017,0.0,0,2,Clear,clear sky,3,127.91,0.0,6.05,108.62,9.73,21.95,38.87,0.0
2026-09-25 22:05:41,2026-09-25 22:00:00,Tanger,35.7595,-5.834,24.74,24.5,47,1017,4.63,80,20,Clouds,few clouds,2,119.72,0.0,4.38,99.71,2.31,11.0,24.65,0.14
2026-09-26 01:18:34,2026-09-26 01:00:00,Agadir,30.4278,-9.5981,18.06,18.3,91,1017,3.71,152,100,Clouds,overcast clouds,2,113.67,0.0,0.66,99.99,0.56,9.64,22.29,0.0
2026-09-26 01:18:13,2026-09-26 01:00:00,Casablanca,33.5731,-7.5898,21.84,22.53,94,1017,1.03,0,100,Clouds,overcast clouds,2,118.22,0.0,2.89,82.06,3.3,19.25,40.22,0.0
2026-09-26 01:18:29,2026-09-26 01:00:00,Fes,34.0331,-5.0003,22.08,21.31,37,1019,3.09,130,0,Clear,clear sky,2,86.06,0.0,1.37,79.43,1.46,8.23,14.29,0.25
2026-09-26 01:18:44,2026-09-26 01:00:00,Karia Ba Mohamed,34.3667,-5.2139,22.88,22.42,46,1017,1.03,62,0,Clear,clear sky,2,95.91,0.0,2.38,76.52,1.83,10.86,18.98,0.29
2026-09-26 01:18:24,2026-09-26 01:00:00,Marrakech,31.6295,-7.9811,25.98,25.98,53,1017,3.09,230,70,Clouds,broken clouds,3,88.77,0.0,2.32,51.01,0.62,15.54,51.28,0.35
2026-09-26 01:18:18,2026-09-26 01:00:00,Rabat,34.0209,-6.8416,15.37,15.57,100,1017,0.0,0,2,Clear,clear sky,2,128.67,0.0,3.67,93.11,5.22,21.58,36.82,0.0
2026-09-26 01:18:39,2026-09-26 01:00:00,Tanger,35.7595,-5.834,23.74,23.37,46,1016,5.66,80,30,Clouds,scattered clouds,2,118.25,0.0,3.59,81.33,1.69,10.72,24.15,0.14
2026-09-26 07:17:37,2026-09-26 07:00:00,Agadir,30.4278,-9.5981,18.06,18.27,90,1016,0.89,50,100,Clouds,overcast clouds,2,114.72,0.0,1.17,90.89,0.41,8.23,18.79,0.05
2026-09-26 07:17:16,2026-09-26 07:00:00,Casablanca,33.5731,-7.5898,20.0,20.67,100,1016,1.54,0,100,Clouds,overcast clouds,2,126.65,0.0,3.44,64.44,1.73,24.65,48.83,0.0
2026-09-26 07:17:32,2026-09-26 07:00:00,Fes,34.0331,-5.0003,21.08,20.21,37,1018,2.06,200,17,Clouds,few clouds,2,81.49,0.02,1.48,61.26,0.5,6.12,10.11,0.41
2026-09-26 07:17:48,2026-09-26 07:00:00,Karia Ba Mohamed,34.3667,-5.2139,21.63,21.08,47,1017,1.04,122,5,Clear,clear sky,1,88.11,0.02,2.86,59.23,0.87,7.71,13.16,0.52
2026-09-26 07:17:27,2026-09-26 07:00:00,Marrakech,31.6295,-7.9811,22.98,22.8,56,1016,2.57,250,100,Clouds,overcast clouds,3,89.72,0.0,2.63,48.0,0.44,16.07,59.45,0.5
2026-09-26 07:17:21,2026-09-26 07:00:00,Rabat,34.0209,-6.8416,19.37,19.97,100,1016,0.0,0,88,Clouds,overcast clouds,2,123.47,0.0,4.2,72.45,1.79,19.14,33.06,0.12
2026-09-26 07:17:43,2026-09-26 07:00:00,Tanger,35.7595,-5.834,22.74,22.53,56,1016,1.03,0,10,Clear,clear sky,2,124.88,0.03,3.78,61.79,1.21,13.51,28.8,0.12
2026-09-26 12:48:41,2026-09-26 12:00:00,Agadir,30.4278,-9.5981,27.06,28.96,70,1016,2.33,224,98,Clouds,overcast clouds,3,117.61,0.07,1.1,106.13,0.37,8.83,17.46,0.0
2026-09-26 12:48:19,2026-09-26 12:00:00,Casablanca,33.5731,-7.5898,29.01,29.8,51,1015,2.06,360,100,Clouds,overcast clouds,3,96.82,0.1,0.63,120.02,3.24,18.38,38.88,0.0
2026-09-26 12:48:35,2026-09-26 12:00:00,Fes,34.0331,-5.0003,36.08,33.49,13,1015,3.09,30,98,Clouds,overcast clouds,2,77.95,0.04,0.17,92.27,0.51,9.15,22.66,0.0
2026-09-26 12:48:52,2026-09-26 12:00:00,Karia Ba Mohamed,34.3667,-5.2139,36.0,33.49,14,1014,3.09,115,100,Clouds,overcast clouds,2,81.9,0.05,0.27,98.26,0.77,9.65,23.07,0.0
2026-09-26 12:48:30,2026-09-26 12:00:00,Marrakech,31.6295,-7.9811,31.98,32.81,43,1015,3.6,280,100,Clouds,overcast clouds,3,85.93,0.04,0.18,73.66,0.09,17.09,74.82,0.0
2026-09-26 12:48:25,2026-09-26 12:00:00,Rabat,34.0209,-6.8416,28.37,30.14,61,1014,2.06,290,97,Clouds,overcast clouds,3,93.28,0.15,1.01,112.4,3.38,14.13,30.44,0.0
2026-09-26 12:48:46,2026-09-26 12:00:00,Tanger,35.7595,-5.834,30.74,30.58,40,1016,9.77,70,98,Clouds,overcast clouds,3,121.87,0.2,1.2,111.62,3.09,18.1,30.2,0.0
2026-09-26 16:57:14,2026-09-26 16:00:00,Agadir,30.4278,-9.5981,23.06,23.51,80,1016,2.16,255,100,Clouds,overcast clouds,3,124.38,0.01,0.63,101.52,0.21,9.13,20.3,0.0
2026-09-26 16:56:52,2026-09-26 16:00:00,Casablanca,33.5731,-7.5898,26.84,28.22,65,1014,2.06,340,86,Clouds,overcast clouds,3,106.77,0.08,1.53,123.69,6.17,15.89,33.31,0.0
2026-09-26 16:57:08,2026-09-26 16:00:00,Fes,34.0331,-5.0003,36.08,33.35,11,1014,1.54,360,93,Clouds,overcast clouds,2,78.06,0.02,0.54,88.4,0.39,9.0,21.28,0.0
2026-09-26 16:57:24,2026-09-26 16:00:00,Karia Ba Mohamed,34.3667,-5.2139,34.71,32.36,16,1012,1.42,274,93,Clouds,overcast clouds,2,83.72,0.03,0.8,95.77,0.92,10.17,23.06,0.0
2026-09-26 16:57:03,2026-09-26 16:00:00,Marrakech,31.6295,-7.9811,33.98,33.81,33,1014,5.14,240,100,Clouds,overcast clouds,3,90.26,0.05,0.9,79.62,0.52,19.18,80.5,0.0
2026-09-26 16:56:58,2026-09-26 16:00:00,Rabat,34.0209,-6.8416,24.37,25.32,94,1014,2.06,260,100,Clouds,overcast clouds,3,111.15,0.11,3.06,122.9,6.04,16.4,28.6,0.0
2026-09-26 16:57:19,2026-09-26 16:00:00,Tanger,35.7595,-5.834,28.74,28.52,42,1014,8.23,60,100,Clouds,overcast clouds,3,122.98,0.08,2.06,108.38,1.85,16.48,29.5,0.0
2026-09-26 19:41:04,2026-09-26 19:00:00,Agadir,30.4278,-9.5981,21.06,21.55,89,1017,1.76,113,100,Clouds,overcast clouds,2,125.64,0.0,0.78,99.12,0.21,9.13,19.91,0.0
2026-09-26 19:40:43,2026-09-26 19:00:00,Casablanca,33.5731,-7.5898,25.0,25.72,83,1015,1.03,0,83,Clouds,broken clouds,3,121.57,0.0,2.15,105.96,3.48,14.62,34.85,0.0
2026-09-26 19:40:59,2026-09-26 19:00:00,Fes,34.0331,-5.0003,30.08,28.23,17,1016,1.03,0,100,Clouds,overcast clouds,2,83.36,0.0,1.22,83.95,1.1,10.36,21.42,0.0
2026-09-26 19:41:15,2026-09-26 19:00:00,Karia Ba Mohamed,34.3667,-5.2139,27.61,26.91,32,1015,2.77,270,94,Clouds,overcast clouds,2,92.97,0.0,2.05,86.85,1.94,13.01,25.07,0.0
2026-09-26 19:40:54,2026-09-26 19:00:00,Marrakech,31.6295,-7.9811,29.98,30.72,48,1017,5.14,270,99,Clouds,overcast clouds,3,97.67,0.0,2.26,79.78,1.06,20.42,70.0,0.06
2026-09-26 19:40:49,2026-09-26 19:00:00,Rabat,34.0209,-6.8416,23.37,24.37,100,1015,1.54,270,100,Clouds,overcast clouds,3,127.98,0.0,4.74,105.51,4.84,17.75,34.08,0.0
2026-09-26 19:41:09,2026-09-26 19:00:00,Tanger,35.7595,-5.834,26.74,27.02,47,1015,8.75,70,99,Clouds,overcast clouds,2,122.79,0.0,2.58,99.08,1.38,14.84,27.71,0.0
2026-09-26 22:32:19,2026-09-26 22:00:00,Agadir,30.4278,-9.5981,20.06,20.42,88,1019,0.8,57,99,Clouds,overcast clouds,2,125.45,0.0,0.81,92.93,0.17,9.91,21.11,0.0
2026-09-26 22:31:58,2026-09-26 22:00:00,Casablanca,33.5731,-7.5898,23.95,24.7,88,1016,2.06,280,1,Clear,clear sky,2,129.21,0.0,1.97,88.41,1.5,15.75,40.61,0.0
2026-09-26 22:32:14,2026-09-26 22:00:00,Fes,34.0331,-5.0003,25.08,24.35,27,1017,4.12,200,74,Clouds,broken clouds,2,87.02,0.0,1.58,70.43,1.3,11.26,20.3,0.24
2026-09-26 22:32:30,2026-09-26 22:00:00,Karia Ba Mohamed,34.3667,-5.2139,24.72,24.37,43,1016,1.16,265,88,Clouds,overcast clouds,2,97.43,0.0,2.39,72.4,1.74,14.26,25.28,0.23
2026-09-26 22:32:09,2026-09-26 22:00:00,Marrakech,31.6295,-7.9811,22.98,23.24,73,1019,4.63,250,100,Clouds,overcast clouds,3,99.13,0.0,2.64,80.35,1.27,20.9,67.61,0.29
2026-09-26 22:32:03,2026-09-26 22:00:00,Rabat,34.0209,-6.8416,20.37,21.07,100,1016,2.06,200,6,Clear,clear sky,2,132.68,0.0,3.91,88.1,2.62,18.14,37.18,0.0
2026-09-26 22:32:25,2026-09-26 22:00:00,Tanger,35.7595,-5.834,26.74,26.72,41,1015,10.29,80,100,Clouds,overcast clouds,2,121.36,0.0,2.11,91.73,1.55,16.0,29.92,0.0
2026-09-27 01:12:12,2026-09-27 01:00:00,Agadir,30.4278,-9.5981,20.06,20.34,85,1018,0.12,166,99,Clouds,overcast clouds,2,124.86,0.0,0.59,89.42,0.13,10.55,22.75,0.0
2026-09-27 01:11:51,2026-09-27 01:00:00,Casablanca,33.5731,-7.5898,22.77,23.56,94,1016,2.24,270,2,Clear,clear sky,2,129.69,0.0,1.42,78.04,0.86,16.34,42.79,0.0
2026-09-27 01:12:07,2026-09-27 01:00:00,Fes,34.0331,-5.0003,22.08,21.18,32,1017,4.12,180,82,Clouds,broken clouds,2,86.29,0.0,1.41,62.32,1.12,11.02,19.05,0.51
2026-09-27 01:12:23,2026-09-27 01:00:00,Karia Ba Mohamed,34.3667,-5.2139,23.45,23.13,49,1016,1.3,308,24,Clouds,few clouds,2,97.03,0.0,1.96,64.96,1.48,14.15,24.44,0.48
2026-09-27 01:12:01,2026-09-27 01:00:00,Marrakech,31.6295,-7.9811,21.98,22.14,73,1018,2.57,250,99,Clouds,overcast clouds,3,99.08,0.0,2.14,78.78,1.25,21.14,66.65,0.51
2026-09-27 01:11:56,2026-09-27 01:00:00,Rabat,34.0209,-6.8416,21.37,21.86,88,1015,2.06,220,0,Clear,clear sky,2,133.02,0.0,2.7,78.55,1.62,18.09,37.89,0.04
2026-09-27 01:12:17,2026-09-27 01:00:00,Tanger,35.7595,-5.834,25.74,25.96,61,1015,5.66,100,96,Clouds,overcast clouds,2,120.09,0.0,1.69,92.77,2.59,17.08,32.42,0.0
2026-09-27 07:49:13,2026-09-27 07:00:00,Agadir,30.4278,-9.5981,20.06,20.39,87,1017,0.17,54,100,Clouds,overcast clouds,2,118.99,0.0,1.01,98.75,0.22,12.17,27.72,0.0
2026-09-27 07:48:52,2026-09-27 07:00:00,Casablanca,33.5731,-7.5898,20.78,21.21,88,1017,3.09,260,93,Clouds,overcast clouds,2,129.47,0.04,2.61,73.66,0.83,16.49,43.06,0.0
2026-09-27 07:49:08,2026-09-27 07:00:00,Fes,34.0331,-5.0003,22.08,21.81,56,1019,2.57,260,66,Clouds,broken clouds,2,85.73,0.07,1.99,51.14,0.78,12.41,21.9,0.26
2026-09-27 07:49:24,2026-09-27 07:00:00,Karia Ba Mohamed,34.3667,-5.2139,24.72,25.0,67,1018,1.67,299,87,Clouds,overcast clouds,2,95.45,0.1,2.99,52.47,1.02,15.09,26.03,0.21
2026-09-27 07:49:02,2026-09-27 07:00:00,Marrakech,31.6295,-7.9811,21.98,22.01,68,1018,1.54,40,99,Clouds,overcast clouds,3,100.61,0.05,3.67,75.35,1.23,22.39,68.99,0.8
2026-09-27 07:48:57,2026-09-27 07:00:00,Rabat,34.0209,-6.8416,22.37,23.12,94,1017,3.6,210,92,Clouds,overcast clouds,2,130.29,0.04,3.26,80.08,1.82,16.76,35.2,0.0
2026-09-27 07:49:18,2026-09-27 07:00:00,Tanger,35.7595,-5.834,23.74,24.08,73,1016,2.57,90,29,Clouds,scattered clouds,2,129.82,0.04,2.76,90.52,3.0,16.82,37.43,0.0
2026-09-27 13:41:17,2026-09-27 13:00:00,Agadir,30.4278,-9.5981,31.06,33.56,54,1015,4.41,315,100,Clouds,overcast clouds,2,115.4,0.06,0.91,86.29,0.24,15.81,39.21,0.0
2026-09-27 13:40:56,2026-09-27 13:00:00,Casablanca,33.5731,-7.5898,25.01,25.37,69,1016,4.63,310,100,Clouds,overcast clouds,3,102.96,0.05,0.46,103.16,1.57,10.92,32.0,0.0
2026-09-27 13:41:12,2026-09-27 13:00:00,Fes,34.0331,-5.0003,31.08,29.48,26,1016,3.09,330,100,Clouds,overcast clouds,2,87.62,0.02,0.3,95.65,1.07,13.49,28.75,0.0
2026-09-27 13:41:28,2026-09-27 13:00:00,Karia Ba Mohamed,34.3667,-5.2139,31.61,30.09,27,1015,3.25,276,92,Clouds,overcast clouds,2,93.39,0.03,0.46,99.51,1.52,13.01,26.95,0.0
2026-09-27 13:41:06,2026-09-27 13:00:00,Marrakech,31.6295,-7.9811,29.98,29.55,39,1016,2.06,0,99,Clouds,overcast clouds,2,88.93,0.03,0.36,88.49,0.31,13.93,43.97,0.0
2026-09-27 13:41:01,2026-09-27 13:00:00,Rabat,34.0209,-6.8416,26.37,26.37,69,1016,2.57,250,100,Clouds,overcast clouds,3,103.8,0.1,0.87,108.02,3.89,10.18,23.83,0.0
2026-09-27 13:41:23,2026-09-27 13:00:00,Tanger,35.7595,-5.834,25.74,26.07,65,1016,3.09,270,93,Clouds,overcast clouds,3,122.65,0.09,1.05,110.32,2.36,11.25,27.34,0.0
2026-09-27 18:09:00,2026-09-27 18:00:00,Agadir,30.4278,-9.5981,27.06,27.73,54,1015,1.66,309,100,Clouds,overcast clouds,2,116.87,0.0,1.0,92.12,0.49,17.86,41.46,0.0
2026-09-27 18:08:39,2026-09-27 18:00:00,Casablanca,33.5731,-7.5898,23.88,24.49,83,1017,2.68,310,100,Clouds,overcast clouds,3,107.59,0.0,1.62,102.2,3.73,11.47,31.12,0.0
2026-09-27 18:08:55,2026-09-27 18:00:00,Fes,34.0331,-5.0003,28.08,27.67,39,1017,4.12,330,100,Clouds,overcast clouds,2,88.07,0.0,1.39,81.71,0.88,12.57,24.45,0.0
2026-09-27 18:09:11,2026-09-27 18:00:00,Karia Ba Mohamed,34.3667,-5.2139,27.35,27.3,43,1015,4.68,281,100,Clouds,overcast clouds,2,95.88,0.0,1.17,92.97,1.71,11.7,23.99,0.0
2026-09-27 18:08:49,2026-09-27 18:00:00,Marrakech,31.6295,-7.9811,30.98,29.32,25,1016,2.57,260,98,Clouds,overcast clouds,3,91.91,0.0,1.14,81.27,0.6,16.06,53.68,0.0
2026-09-27 18:08:44,2026-09-27 18:00:00,Rabat,34.0209,-6.8416,24.37,25.16,88,1016,2.06,280,100,Clouds,overcast clouds,3,111.35,0.02,3.61,103.91,5.4,12.62,30.3,0.0
2026-09-27 18:09:05,2026-09-27 18:00:00,Tanger,35.7595,-5.834,22.74,23.24,83,1015,2.57,270,100,Clouds,overcast clouds,3,118.23,0.01,1.41,104.4,1.47,14.63,36.6,0.0
2026-09-27 21:55:23,2026-09-27 21:00:00,Agadir,30.4278,-9.5981,22.06,22.54,85,1018,4.74,152,100,Clouds,overcast clouds,2,120.07,0.0,0.72,90.2,0.25,15.66,30.21,0.0
2026-09-27 21:55:02,2026-09-27 21:00:00,Casablanca,33.5731,-7.5898,22.89,23.53,88,1018,1.54,340,100,Clouds,overcast clouds,2,112.37,0.0,1.83,92.02,3.27,13.2,38.36,0.0
2026-09-27 21:55:18,2026-09-27 21:00:00,Fes,34.0331,-5.0003,22.08,22.51,83,1019,3.6,180,99,Clouds,overcast clouds,2,89.68,0.0,1.33,71.4,0.71,11.38,19.28,0.05
2026-09-27 21:55:34,2026-09-27 21:00:00,Karia Ba Mohamed,34.3667,-5.2139,23.52,23.81,72,1018,2.74,275,100,Clouds,overcast clouds,2,99.08,0.0,1.52,81.79,1.35,12.11,22.88,0.03
2026-09-27 21:55:13,2026-09-27 21:00:00,Marrakech,31.6295,-7.9811,25.98,25.98,57,1018,3.6,280,100,Clouds,overcast clouds,3,95.35,0.0,1.83,73.07,0.84,17.87,57.16,0.09
2026-09-27 21:55:07,2026-09-27 21:00:00,Rabat,34.0209,-6.8416,22.37,23.27,100,1018,0.0,0,100,Clouds,overcast clouds,2,115.59,0.0,3.48,86.67,3.43,13.95,37.08,0.0
2026-09-27 21:55:29,2026-09-27 21:00:00,Tanger,35.7595,-5.834,21.74,22.42,94,1017,1.54,270,100,Clouds,overcast clouds,2,116.29,0.0,1.71,91.71,1.05,13.6,33.75,0.01
2026-09-28 00:25:30,2026-09-28 00:00:00,Agadir,30.4278,-9.5981,22.06,22.62,88,1018,4.11,133,100,Rain,light rain,2,120.67,0.0,0.64,83.99,0.17,14.97,29.12,0.0
2026-09-28 00:25:09,2026-09-28 00:00:00,Casablanca,33.5731,-7.5898,22.89,23.53,88,1016,2.06,350,100,Clouds,overcast clouds,2,111.95,0.0,1.56,86.51,2.97,13.43,40.79,0.0
2026-09-28 00:25:25,2026-09-28 00:00:00,Fes,34.0331,-5.0003,22.08,22.51,83,1020,1.54,60,99,Clouds,overcast clouds,2,89.42,0.0,1.22,66.23,0.5,9.57,15.7,0.08
2026-09-28 00:25:41,2026-09-28 00:00:00,Karia Ba Mohamed,34.3667,-5.2139,22.06,22.38,79,1018,1.82,274,100,Clouds,overcast clouds,2,99.51,0.0,1.53,74.08,0.94,11.57,21.17,0.08
2026-09-28 00:25:20,2026-09-28 00:00:00,Marrakech,31.6295,-7.9811,22.98,23.11,68,1018,3.09,270,100,Clouds,overcast clouds,3,95.2,0.0,1.36,72.43,0.75,17.96,60.09,0.06
2026-09-28 00:25:14,2026-09-28 00:00:00,Rabat,34.0209,-6.8416,21.37,22.17,100,1017,0.0,0,100,Clouds,overcast clouds,2,115.89,0.0,2.73,83.01,2.97,14.07,38.4,0.0
2026-09-28 00:25:36,2026-09-28 00:00:00,Tanger,35.7595,-5.834,21.77,22.46,94,1017,0.51,0,100,Clouds,overcast clouds,2,115.78,0.0,1.63,86.74,0.96,13.37,33.49,0.03
2026-09-28 06:29:16,2026-09-28 06:00:00,Agadir,30.4278,-9.5981,21.06,21.52,88,1015,2.61,178,100,Clouds,overcast clouds,2,119.9,0.0,0.34,90.28,0.12,12.98,26.98,0.0
2026-09-28 06:28:55,2026-09-28 06:00:00,Casablanca,33.5731,-7.5898,22.89,23.53,88,1016,1.03,0,100,Clouds,overcast clouds,2,110.4,0.0,1.63,71.75,1.8,12.58,36.87,0.0
2026-09-28 06:29:11,2026-09-28 06:00:00,Fes,34.0331,-5.0003,21.08,21.54,88,1018,0.0,0,100,Clouds,overcast clouds,1,93.57,0.0,1.24,52.7,0.38,9.83,16.74,0.38
2026-09-28 06:29:26,2026-09-28 06:00:00,Karia Ba Mohamed,34.3667,-5.2139,21.37,21.86,88,1018,2.46,270,100,Rain,light rain,2,105.38,0.0,1.41,61.98,0.83,12.79,24.32,0.17
2026-09-28 06:29:06,2026-09-28 06:00:00,Marrakech,31.6295,-7.9811,21.98,22.14,73,1017,2.06,260,100,Rain,light rain,3,97.28,0.0,1.37,61.01,0.54,18.88,59.46,0.18
2026-09-28 06:29:00,2026-09-28 06:00:00,Rabat,34.0209,-6.8416,22.37,23.12,94,1017,0.0,0,100,Clouds,overcast clouds,2,114.72,0.0,2.78,78.94,3.22,13.38,24.21,0.0
2026-09-28 06:29:21,2026-09-28 06:00:00,Tanger,35.7595,-5.834,21.74,22.58,100,1016,1.03,0,100,Rain,light rain,2,117.65,0.0,1.55,86.25,1.01,12.09,23.67,0.03
2026-09-28 15:07:52,2026-09-28 15:00:00,Agadir,30.4278,-9.5981,32.06,32.74,42,1012,5.18,308,88,Clouds,overcast clouds,2,115.22,0.13,1.22,80.85,0.26,13.94,33.85,0.35
2026-09-28 15:07:31,2026-09-28 15:00:00,Casablanca,33.5731,-7.5898,25.78,25.72,50,1014,3.09,120,37,Clouds,scattered clouds,2,101.63,0.05,0.64,91.12,0.45,8.65,17.69,0.0
2026-09-28 15:07:47,2026-09-28 15:00:00,Fes,34.0331,-5.0003,26.08,26.08,47,1017,2.57,70,100,Clouds,overcast clouds,2,99.23,0.03,0.73,78.78,0.16,6.5,16.9,0.04
2026-09-28 15:08:02,2026-09-28 15:00:00,Karia Ba Mohamed,34.3667,-5.2139,23.03,23.19,69,1016,1.89,44,100,Rain,moderate rain,2,112.06,0.05,2.18,75.62,0.43,6.9,9.5,0.02
2026-09-28 15:07:41,2026-09-28 15:00:00,Marrakech,31.6295,-7.9811,25.98,25.98,41,1014,3.6,60,67,Clouds,broken clouds,2,93.21,0.03,0.19,72.52,0.07,6.78,19.08,0.01
2026-09-28 15:07:36,2026-09-28 15:00:00,Rabat,34.0209,-6.8416,24.37,24.35,57,1014,4.12,90,100,Clouds,overcast clouds,2,104.91,0.06,1.37,95.49,0.94,10.76,14.19,0.0
2026-09-28 15:07:57,2026-09-28 15:00:00,Tanger,35.7595,-5.834,24.74,24.86,61,1016,1.54,250,92,Rain,light rain,3,123.77,0.05,1.84,104.79,1.4,7.83,11.33,0.0
2026-09-28 21:41:54,2026-09-28 21:00:00,Agadir,30.4278,-9.5981,22.06,22.12,69,1015,4.78,123,9,Clear,clear sky,2,115.17,0.0,1.44,71.4,0.14,12.92,30.37,0.15
2026-09-28 21:41:32,2026-09-28 21:00:00,Casablanca,33.5731,-7.5898,22.89,23.14,73,1015,0.51,0,69,Clouds,broken clouds,2,112.18,0.0,3.23,79.4,2.14,13.66,29.16,0.0
2026-09-28 21:41:48,2026-09-28 21:00:00,Fes,34.0331,-5.0003,22.08,22.01,64,1017,2.06,120,100,Clouds,overcast clouds,1,102.98,0.0,2.74,56.28,0.17,8.09,18.71,0.31
2026-09-28 21:42:04,2026-09-28 21:00:00,Karia Ba Mohamed,34.3667,-5.2139,22.3,22.6,77,1016,0.52,32,100,Clouds,overcast clouds,1,114.14,0.0,3.79,53.99,0.21,7.43,9.5,0.17
2026-09-28 21:41:43,2026-09-28 21:00:00,Marrakech,31.6295,-7.9811,23.98,23.74,50,1016,1.54,70,23,Clouds,few clouds,2,94.53,0.0,0.78,68.87,0.31,6.7,18.13,0.09
2026-09-28 21:41:38,2026-09-28 21:00:00,Rabat,34.0209,-6.8416,22.37,22.44,68,1016,0.0,0,12,Clouds,few clouds,2,116.32,0.0,5.92,70.46,2.28,12.28,18.32,0.05
2026-09-28 21:41:59,2026-09-28 21:00:00,Tanger,35.7595,-5.834,22.74,22.85,68,1016,3.6,100,20,Clouds,few clouds,2,126.41,0.0,3.08,86.24,0.89,8.35,12.92,0.12
2026-09-29 01:36:49,2026-09-29 01:00:00,Agadir,30.4278,-9.5981,20.06,20.03,73,1014,4.46,127,0,Clear,clear sky,2,112.83,0.0,1.06,59.5,0.13,13.39,33.56,0.34
2026-09-29 01:36:29,2026-09-29 01:00:00,Casablanca,33.5731,-7.5898,22.01,22.17,73,1015,0.51,0,72,Clouds,broken clouds,2,110.87,0.0,2.42,58.34,0.56,13.12,30.06,0.0
2026-09-29 01:36:44,2026-09-29 01:00:00,Fes,34.0331,-5.0003,20.08,20.15,77,1016,1.03,0,11,Clouds,few clouds,2,100.67,0.0,1.67,56.57,0.16,8.63,22.58,0.57
2026-09-29 01:37:00,2026-09-29 01:00:00,Karia Ba Mohamed,34.3667,-5.2139,20.99,21.34,84,1015,0.52,4,86,Clouds,overcast clouds,1,111.82,0.0,2.96,45.78,0.17,7.31,10.59,0.51
2026-09-29 01:36:39,2026-09-29 01:00:00,Marrakech,31.6295,-7.9811,22.98,22.8,56,1015,2.57,120,65,Clouds,broken clouds,1,94.82,0.0,0.8,51.67,0.11,5.45,12.49,0.25
2026-09-29 01:36:34,2026-09-29 01:00:00,Rabat,34.0209,-6.8416,17.37,17.77,100,1014,0.0,0,99,Clouds,overcast clouds,2,114.16,0.0,3.49,50.21,0.39,12.75,22.18,0.11
2026-09-29 01:36:55,2026-09-29 01:00:00,Tanger,35.7595,-5.834,21.74,22.01,78,1015,5.14,90,3,Clear,clear sky,2,127.35,0.0,2.91,65.07,0.66,9.17,14.94,0.14
2026-09-29 08:06:40,2026-09-29 08:00:00,Agadir,30.4278,-9.5981,19.06,18.72,65,1014,1.35,179,11,Clouds,few clouds,2,112.03,0.12,2.55,52.38,0.3,14.4,43.61,0.78
2026-09-29 08:06:19,2026-09-29 08:00:00,Casablanca,33.5731,-7.5898,20.78,20.82,73,1015,1.03,130,0,Clear,clear sky,2,110.06,0.49,4.81,41.37,0.51,12.08,32.07,0.07
2026-09-29 08:06:34,2026-09-29 08:00:00,Fes,34.0331,-5.0003,22.08,22.01,64,1018,0.51,0,11,Clouds,few clouds,2,97.87,0.13,1.75,50.04,0.12,9.73,30.47,0.36
2026-09-29 08:06:51,2026-09-29 08:00:00,Karia Ba Mohamed,34.3667,-5.2139,22.7,22.93,73,1016,0.92,126,8,Clear,clear sky,1,108.35,0.45,3.94,33.03,0.22,8.22,16.56,0.39
2026-09-29 08:06:29,2026-09-29 08:00:00,Marrakech,31.6295,-7.9811,21.98,21.9,64,1016,0.51,0,11,Clouds,few clouds,1,96.08,0.23,2.65,39.85,0.21,6.1,16.12,0.37
2026-09-29 08:06:24,2026-09-29 08:00:00,Rabat,34.0209,-6.8416,19.37,19.82,94,1015,0.0,0,12,Clouds,few clouds,2,111.86,0.49,6.12,44.87,0.5,13.25,29.67,0.16
2026-09-29 08:06:45,2026-09-29 08:00:00,Tanger,35.7595,-5.834,22.74,23.11,78,1015,4.12,90,16,Clouds,few clouds,2,131.94,0.68,5.4,45.71,1.13,10.4,16.69,0.09
2026-09-29 15:31:36,2026-09-29 15:00:00,Agadir,30.4278,-9.5981,33.06,34.56,43,1015,3.35,295,0,Clear,clear sky,2,114.97,0.12,0.81,80.9,0.36,16.74,46.02,0.03
2026-09-29 15:31:15,2026-09-29 15:00:00,Casablanca,33.5731,-7.5898,28.01,28.2,47,1014,3.6,30,2,Clear,clear sky,2,98.08,0.08,0.53,85.57,2.31,10.26,26.44,0.0
2026-09-29 15:31:30,2026-09-29 15:00:00,Fes,34.0331,-5.0003,32.08,30.91,30,1015,4.12,330,58,Clouds,broken clouds,2,88.56,0.03,0.23,69.47,0.08,8.24,26.82,0.1
2026-09-29 15:31:46,2026-09-29 15:00:00,Karia Ba Mohamed,34.3667,-5.2139,31.25,31.09,39,1014,2.66,272,53,Rain,light rain,2,91.88,0.07,0.71,72.19,0.44,7.93,21.2,0.05
2026-09-29 15:31:25,2026-09-29 15:00:00,Marrakech,31.6295,-7.9811,33.98,33.44,31,1015,3.6,0,27,Clouds,scattered clouds,2,102.71,0.04,0.17,56.09,0.11,6.72,22.72,0.02
2026-09-29 15:31:20,2026-09-29 15:00:00,Rabat,34.0209,-6.8416,27.37,28.07,54,1015,4.12,320,0,Clear,clear sky,3,102.07,0.17,1.76,102.73,6.37,14.55,26.4,0.0
2026-09-29 15:31:41,2026-09-29 15:00:00,Tanger,35.7595,-5.834,27.74,28.78,57,1015,8.23,50,11,Clouds,few clouds,3,115.16,0.14,1.02,107.24,1.57,13.69,19.24,0.0
2026-09-29 20:33:09,2026-09-29 20:00:00,Agadir,30.4278,-9.5981,26.06,26.06,48,1016,1.31,18,0,Clear,clear sky,2,109.71,0.0,0.8,75.92,0.5,17.61,39.35,0.0
2026-09-29 20:32:48,2026-09-29 20:00:00,Casablanca,33.5731,-7.5898,23.95,24.07,64,1016,1.54,90,1,Clear,clear sky,2,110.6,0.0,2.99,97.8,7.82,17.87,31.01,0.0
2026-09-29 20:33:04,2026-09-29 20:00:00,Fes,34.0331,-5.0003,26.08,26.08,47,1018,2.06,240,5,Clear,clear sky,2,92.97,0.0,1.82,64.69,0.74,8.2,18.02,0.29
2026-09-29 20:33:20,2026-09-29 20:00:00,Karia Ba Mohamed,34.3667,-5.2139,24.43,24.55,62,1017,1.6,272,12,Clouds,few clouds,2,98.9,0.0,2.52,69.65,1.23,9.92,18.12,0.07
2026-09-29 20:32:59,2026-09-29 20:00:00,Marrakech,31.6295,-7.9811,27.98,27.79,42,1018,4.12,260,24,Clouds,few clouds,2,107.77,0.0,1.51,48.54,0.43,8.02,25.8,0.21
2026-09-29 20:32:54,2026-09-29 20:00:00,Rabat,34.0209,-6.8416,20.37,20.63,83,1017,0.0,0,34,Clouds,scattered clouds,2,115.7,0.0,5.26,93.93,8.92,15.39,24.05,0.0
2026-09-29 20:33:15,2026-09-29 20:00:00,Tanger,35.7595,-5.834,24.74,25.07,69,1017,2.06,60,49,Clouds,scattered clouds,2,118.01,0.0,2.57,98.39,1.23,13.34,18.97,0.0
2026-09-30 00:09:59,2026-09-30 00:00:00,Agadir,30.4278,-9.5981,22.06,21.97,63,1016,2.27,132,1,Clear,clear sky,2,108.72,0.0,0.71,75.06,0.5,18.53,42.09,0.0
2026-09-30 00:09:38,2026-09-30 00:00:00,Casablanca,33.5731,-7.5898,23.95,24.07,64,1017,0.51,0,0,Clear,clear sky,2,114.04,0.0,3.24,78.32,4.76,18.74,32.42,0.0
2026-09-30 00:09:54,2026-09-30 00:00:00,Fes,34.0331,-5.0003,22.08,22.01,64,1019,2.57,220,0,Clear,clear sky,1,93.34,0.0,2.03,56.12,0.5,8.4,17.15,0.57
2026-09-30 00:10:09,2026-09-30 00:00:00,Karia Ba Mohamed,34.3667,-5.2139,22.3,22.52,74,1018,1.01,240,6,Clear,clear sky,2,99.02,0.0,2.71,57.17,0.66,10.24,17.63,0.26
2026-09-30 00:09:49,2026-09-30 00:00:00,Marrakech,31.6295,-7.9811,24.98,24.76,47,1019,2.06,240,0,Clear,clear sky,2,107.56,0.0,2.07,40.1,0.39,8.35,25.66,0.44
2026-09-30 00:09:44,2026-09-30 00:00:00,Rabat,34.0209,-6.8416,18.37,18.72,94,1017,0.0,0,2,Clear,clear sky,2,113.34,0.0,4.36,76.77,5.05,13.71,22.75,0.0
2026-09-30 00:10:04,2026-09-30 00:00:00,Tanger,35.7595,-5.834,23.74,24.21,78,1016,3.09,70,61,Clouds,broken clouds,2,120.04,0.0,2.97,88.91,1.22,13.5,20.54,0.04
2026-09-30 06:26:01,2026-09-30 06:00:00,Agadir,30.4278,-9.5981,19.06,18.64,62,1016,0.52,334,0,Clear,clear sky,2,110.97,0.0,0.88,71.86,0.54,19.99,46.19,0.0
2026-09-30 06:25:39,2026-09-30 06:00:00,Casablanca,33.5731,-7.5898,21.01,21.2,78,1017,1.03,0,18,Clouds,few clouds,2,115.62,0.0,3.01,59.24,2.86,19.77,41.23,0.0
2026-09-30 06:25:55,2026-09-30 06:00:00,Fes,34.0331,-5.0003,19.08,18.82,68,1020,2.57,210,11,Clouds,few clouds,1,91.95,0.0,1.64,32.85,0.09,7.53,16.49,0.49
2026-09-30 06:26:12,2026-09-30 06:00:00,Karia Ba Mohamed,34.3667,-5.2139,20.39,20.63,82,1018,0.48,112,3,Clear,clear sky,1,96.86,0.0,2.59,35.64,0.35,9.01,17.01,0.56
2026-09-30 06:25:50,2026-09-30 06:00:00,Marrakech,31.6295,-7.9811,20.98,20.6,56,1018,1.03,0,4,Clear,clear sky,2,108.6,0.0,1.9,33.19,0.23,7.84,23.58,0.62
2026-09-30 06:25:44,2026-09-30 06:00:00,Rabat,34.0209,-6.8416,15.37,15.57,100,1017,0.0,0,22,Clouds,few clouds,2,114.07,0.0,4.01,51.38,1.33,14.23,24.47,0.26
2026-09-30 06:26:06,2026-09-30 06:00:00,Tanger,35.7595,-5.834,21.74,22.27,88,1017,1.54,110,94,Clouds,overcast clouds,2,124.2,0.0,2.79,71.73,1.39,14.33,23.31,0.1
2026-09-30 13:27:09,2026-09-30 13:00:00,Agadir,30.4278,-9.5981,34.06,33.73,32,1016,5.18,306,0,Clear,clear sky,2,118.13,0.11,0.62,91.59,0.8,23.95,42.18,0.0
2026-09-30 13:26:47,2026-09-30 13:00:00,Casablanca,33.5731,-7.5898,28.01,28.2,47,1018,3.6,30,0,Clear,clear sky,2,105.32,0.13,0.65,97.2,7.73,18.07,44.95,0.0
2026-09-30 13:27:03,2026-09-30 13:00:00,Fes,34.0331,-5.0003,33.08,31.47,25,1019,3.09,40,14,Clouds,few clouds,2,90.46,0.04,0.15,68.66,0.12,5.38,14.45,0.06
2026-09-30 13:27:19,2026-09-30 13:00:00,Karia Ba Mohamed,34.3667,-5.2139,32.68,31.75,31,1018,2.23,297,48,Clouds,scattered clouds,2,93.91,0.05,0.24,72.31,0.48,6.35,14.33,0.03
2026-09-30 13:26:58,2026-09-30 13:00:00,Marrakech,31.6295,-7.9811,33.98,33.44,31,1018,2.57,0,0,Clear,clear sky,3,94.08,0.04,0.16,62.83,0.1,11.42,51.85,0.05
2026-09-30 13:26:53,2026-09-30 13:00:00,Rabat,34.0209,-6.8416,28.37,28.98,51,1018,3.09,310,9,Clear,clear sky,2,105.41,0.23,1.2,96.35,8.66,15.67,29.94,0.0
2026-09-30 13:27:14,2026-09-30 13:00:00,Tanger,35.7595,-5.834,26.74,27.82,61,1018,3.09,290,100,Clouds,overcast clouds,3,128.43,0.26,1.91,102.8,2.68,15.92,25.51,0.0
2026-09-30 18:56:27,2026-09-30 18:00:00,Agadir,30.4278,-9.5981,28.06,28.34,48,1016,5.2,344,0,Clear,clear sky,2,114.14,0.0,0.64,98.99,0.94,19.77,33.73,0.0
2026-09-30 18:56:06,2026-09-30 18:00:00,Casablanca,33.5731,-7.5898,25.0,25.25,65,1019,2.57,40,1,Clear,clear sky,3,104.06,0.0,2.42,102.53,8.37,15.27,29.92,0.0
2026-09-30 18:56:21,2026-09-30 18:00:00,Fes,34.0331,-5.0003,29.08,28.35,36,1019,3.09,310,30,Clouds,scattered clouds,2,94.87,0.0,1.03,70.41,1.05,7.86,15.27,0.05
2026-09-30 18:56:37,2026-09-30 18:00:00,Karia Ba Mohamed,34.3667,-5.2139,26.42,26.42,51,1018,3.53,289,7,Clear,clear sky,2,99.57,0.0,1.58,79.14,1.75,10.12,18.86,0.0
2026-09-30 18:56:16,2026-09-30 18:00:00,Marrakech,31.6295,-7.9811,30.98,30.48,37,1018,4.63,300,1,Clear,clear sky,3,100.83,0.0,1.08,63.99,0.88,13.02,53.62,0.06
2026-09-30 18:56:11,2026-09-30 18:00:00,Rabat,34.0209,-6.8416,23.37,24.22,94,1018,2.06,340,1,Clear,clear sky,3,109.53,0.0,4.87,105.41,7.66,15.17,25.44,0.0
2026-09-30 18:56:32,2026-09-30 18:00:00,Tanger,35.7595,-5.834,23.74,24.08,73,1018,2.57,320,79,Clouds,broken clouds,3,127.2,0.0,3.02,117.54,2.31,19.31,37.67,0.0
2026-09-30 22:54:18,2026-09-30 22:00:00,Agadir,30.4278,-9.5981,22.06,22.2,72,1017,2.94,128,0,Clear,clear sky,2,111.81,0.0,0.63,92.14,0.68,18.71,34.6,0.0
2026-09-30 22:53:57,2026-09-30 22:00:00,Casablanca,33.5731,-7.5898,22.89,23.4,83,1019,1.54,90,39,Clouds,scattered clouds,2,107.56,0.0,2.81,90.27,5.21,14.26,28.86,0.0
2026-09-30 22:54:13,2026-09-30 22:00:00,Fes,34.0331,-5.0003,23.08,22.83,53,1020,2.57,220,81,Clouds,broken clouds,1,96.75,0.0,2.2,53.24,0.59,8.96,14.71,0.26
2026-09-30 22:54:29,2026-09-30 22:00:00,Karia Ba Mohamed,34.3667,-5.2139,22.75,22.88,69,1019,2.31,258,29,Clouds,scattered clouds,2,102.98,0.0,3.09,59.9,0.9,11.75,19.32,0.16
2026-09-30 22:54:08,2026-09-30 22:00:00,Marrakech,31.6295,-7.9811,24.98,24.92,53,1020,1.54,250,0,Clear,clear sky,2,104.95,0.0,2.29,52.96,1.0,14.18,49.72,0.28
2026-09-30 22:54:02,2026-09-30 22:00:00,Rabat,34.0209,-6.8416,18.37,18.72,94,1020,1.54,330,19,Clouds,few clouds,2,116.84,0.0,4.28,90.82,5.6,15.42,27.15,0.0
2026-09-30 22:54:23,2026-09-30 22:00:00,Tanger,35.7595,-5.834,21.74,22.14,83,1019,0.51,0,32,Clouds,scattered clouds,2,117.5,0.0,2.52,94.79,1.86,15.85,33.79,0.0
2026-10-01 01:54:00,2026-10-01 01:00:00,Agadir,30.4278,-9.5981,21.06,21.08,71,1017,1.78,136,0,Clear,clear sky,2,109.73,0.0,0.42,83.43,0.42,16.81,32.9,0.0
2026-10-01 01:53:38,2026-10-01 01:00:00,Casablanca,33.5731,-7.5898,21.84,22.38,88,1019,1.03,0,35,Clouds,scattered clouds,2,110.7,0.0,2.02,81.53,3.06,15.16,31.11,0.0
2026-10-01 01:53:54,2026-10-01 01:00:00,Fes,34.0331,-5.0003,21.08,20.71,56,1020,1.54,160,90,Clouds,overcast clouds,1,96.91,0.0,1.97,44.36,0.42,8.8,14.26,0.51
2026-10-01 01:54:11,2026-10-01 01:00:00,Karia Ba Mohamed,34.3667,-5.2139,20.93,21.14,79,1019,1.79,261,62,Clouds,broken clouds,2,103.85,0.0,2.6,50.69,0.61,12.15,19.72,0.47
2026-10-01 01:53:49,2026-10-01 01:00:00,Marrakech,31.6295,-7.9811,23.98,23.92,57,1018,2.06,230,3,Clear,clear sky,2,104.34,0.0,1.94,46.63,0.75,14.03,47.52,0.49
2026-10-01 01:53:43,2026-10-01 01:00:00,Rabat,34.0209,-6.8416,16.37,16.67,100,1019,0.0,0,100,Clouds,overcast clouds,2,120.54,0.0,2.96,85.61,3.99,17.83,30.64,0.0
2026-10-01 01:54:05,2026-10-01 01:00:00,Tanger,35.7595,-5.834,21.74,22.27,88,1019,0.51,0,80,Clouds,broken clouds,2,109.37,0.0,1.94,74.51,1.43,13.61,32.68,0.0
